canonical_determinant,recommended_main_table_label,determinant_family,canonical_definition,determinant_roles,n_papers,papers,dois,raw_terms,tax_instruments,directions_observed,evidence_types,outcome_variables
General institutional and political trust,General institutional and political trust,trust_and_institutions,"Confidence in government, public institutions, or politicians.",substantive_mechanism,11,Denial and distrust: explaining the partisan climate gap ; Determinants of public support for transport taxes ; Exploring Citizen Support for Different Types of Climate Policy ; Majority support for global redistributive and climate policies ; Meta-analyses of fifteen determinants of public opinion about climate change taxes and laws ; Overcoming public resistance to carbon taxes ; Perceived fairness and public acceptability of carbon pricing: A review of the literature ; Public acceptability of carbon pricing: Unravelling the impact of revenue recycling ; Public support for climate policies and its ideological predictors across countries of the Global North and Global South ; Understanding Public Acceptability of Climate Policies in Europe ; Understanding the resistance to carbon taxes: Drivers and barriers among the general public and fuel-tax protesters,10.1002/wcc.531 ; 10.1007/s10584-022-03321-2 ; 10.1016/j.ecolecon.2017.02.027 ; 10.1016/j.ecolecon.2025.108603 ; 10.1016/j.reseneeco.2022.101331 ; 10.1016/j.tra.2013.10.004 ; 10.1038/s41562-025-02175-9 ; 10.1080/14693062.2019.1639490 ; https://doi.org/10.1038/s41558-022-01297-6,Good governance ; Government ; Political trust (index) ; Political trust emerges as an important factor ; Trust ; Trust (gov’t) ; Trust in government ; trust in politicians ; trust in public institutions ; trust in the government,carbon_tax ; carbon_tax_with_revenue_recycling ; energy_tax_explicitly_carbon_or_fuel_based ; fuel_tax ; unclear_tax_instrument,+ ; -,meta_analytic_estimate ; review_conclusion ; statistical_association,"Carbon tax effectiveness, policy ranking, and support for using carbon-tax revenue. ; Carbon tax support ; Policy support for taxes (1–6). ; Public acceptability/support for carbon or fuel taxes across levels of political trust. ; Public opinion/acceptability toward climate change taxes and laws ; Support for the GCS ; Support for the carbon tax policy (support vs oppose/not sure). ; Support fuel tax ; Support/opposition to the carbon tax ; acceptability/support of carbon tax ; support for increasing carbon/fuel tax"
Education / higher-education share,Education / higher-education share,demographics_and_socioeconomic_status,Individual educational attainment or area-level higher-education share.,demographic_control ; socioeconomic_control ; substantive_mechanism,9,"Climate Change Risk Perception and Policy Preferences: The Role of Affect, Imagery, and Values ; Determinants of public support for transport taxes ; Meta-analyses of fifteen determinants of public opinion about climate change taxes and laws ; Overcoming public resistance to carbon taxes ; The public acceptance of green taxes: 2 million voters express their opinion ; Understanding Public Acceptability of Climate Policies in Europe ; Understanding the resistance to carbon taxes: Drivers and barriers among the general public and fuel-tax protesters ; Voting on the environment: Price or ideology? Evidence from Swiss referendums ; What is a fair CO2 tax increase? On fair emission reductions in the transport sector",10.1002/wcc.531 ; 10.1007/s10584-006-9059-9 ; 10.1016/j.ecolecon.2006.03.004 ; 10.1016/j.ecolecon.2007.12.026 ; 10.1016/j.reseneeco.2022.101331 ; 10.1016/j.tra.2013.10.004 ; https://doi.org/10.1038/s41558-022-01297-6,"Education ; Education (1 = high school+, 0 = regular schooling) ; Education level ; University degree ; University studies ; higher education levels",carbon_tax ; co2_tax ; energy_tax_explicitly_carbon_or_fuel_based ; fuel_tax ; gasoline_tax ; unclear_tax_instrument,+,meta_analytic_estimate ; review_conclusion ; statistical_association,"Carbon tax effectiveness, policy ranking, and support for using carbon-tax revenue. ; Carbon tax support ; Municipal yes-vote share ; Public opinion/acceptability toward climate change taxes and laws ; Support fuel tax ; Tax policy preferences index ; Vote in favour of increased CO2 tax versus vote against. ; approval of the energy-tax proposals ; support for energy tax"
Age,Age,demographics_and_socioeconomic_status,Individual age or age-category differences relative to a reference group.,demographic_control,8,"Emotions and Policy Views ; French Attitudes on Climate Change, Carbon Taxation and other Climate Policies ; How to win public support for financial climate policies: both climate anxiety and economic anticipation work ; Meta-analyses of fifteen determinants of public opinion about climate change taxes and laws ; Overcoming public resistance to carbon taxes ; Understanding Public Acceptability of Climate Policies in Europe ; Voting on the environment: Price or ideology? Evidence from Swiss referendums ; What is a fair CO2 tax increase? On fair emission reductions in the transport sector",10.1002/wcc.531 ; 10.1016/j.ecolecon.2006.03.004 ; 10.1016/j.ecolecon.2007.12.026 ; 10.1080/17565529.2023.2266420 ; https://doi.org/10.1038/s41558-022-01297-6,Age ; Age 18–29 years ; Age: 30-49 years old ; Age: 50-69 years old ; Age: ≥ 65 ; Elderly ; Young ; younger than 60 years old,carbon_tax ; carbon_tax_with_revenue_recycling ; co2_tax ; energy_tax_explicitly_carbon_or_fuel_based ; progressive_carbon_tax ; unclear_tax_instrument,+ ; -,meta_analytic_estimate ; review_conclusion ; statistical_association,Acceptance of Tax & dividend ; CT support ; Carbon tax support ; Municipal yes-vote share ; Public opinion/acceptability toward climate change taxes and laws ; Standardized support for carbon tax with cash transfers (5-point Likert). ; Standardized support for progressive carbon tax on high-income households (5-point Likert). ; Vote in favour of increased CO2 tax versus vote against. ; support for energy tax
Distributional fairness and regressivity,Distributional fairness and regressivity,fairness_and_distribution,"Perceptions that the tax burden falls unfairly on low-income, rural, or other disadvantaged groups, or that it is regressive or progressive.",substantive_mechanism,8,"Determinants of public support for transport taxes ; Fighting Climate Change: International Attitudes toward Climate Policies ; French Attitudes on Climate Change, Carbon Taxation and other Climate Policies ; Perceived fairness and public acceptability of carbon pricing: A review of the literature ; Public acceptability of carbon pricing: Unravelling the impact of revenue recycling ; The public acceptance of green taxes: 2 million voters express their opinion ; What explains public support for climate policies? A review of empirical and experimental studies ; Yellow Vests, Pessimistic Beliefs, and Carbon Tax Aversion",10.1016/j.tra.2013.10.004 ; 10.1080/14693062.2015.1058240 ; 10.1080/14693062.2019.1639490 ; https://doi.org/10.1257/aer.20230501,"Believes low-income earners will lose ; Believes the high-income earners will lose ; Carbon pricing policies can be regressive… ; Concern with income inequality (1 = at least some, 0 = no or little concern) ; Distributional effect ; Neutral cost distribution (all citizens pay the same share of income) ; Progressive incidence (higher-income citizens pay a larger share of income) ; Progressivity belief (benefit the poorest / not regressive) ; Regressive incidence (all citizens pay the same amount; effects on the poor) ; distribution of costs is progressive... richer members... pay a larger share and potential revenues are redistributed ; penalize rural households",carbon_tax ; carbon_tax_with_revenue_recycling ; energy_tax_explicitly_carbon_or_fuel_based ; fuel_tax,+ ; - ; mixed,descriptive_evidence ; review_conclusion ; statistical_association,Approval of Tax & Dividend (carbon tax acceptance) ; Public acceptability/support for carbon or fuel taxes when they are seen as regressive versus when regressivity is mitigated. ; Support for carbon tax with cash transfers ; Support for tax-financed climate mitigation ; Support fuel tax ; Support/acceptance after information on progressivity. ; acceptability/support of carbon tax ; approval of the energy-tax proposals
Female gender,Female gender,demographics_and_socioeconomic_status,"Individual female sex or gender, relative to male reference. ; Respondent is female rather than male.",demographic_control,8,"Determinants of public support for transport taxes ; Emotions and Policy Views ; Exploring Citizen Support for Different Types of Climate Policy ; French Attitudes on Climate Change, Carbon Taxation and other Climate Policies ; Meta-analyses of fifteen determinants of public opinion about climate change taxes and laws ; Opinions of EU citizens about climate policy in their own words ; Understanding Public Acceptability of Climate Policies in Europe ; Voting on the environment: Price or ideology? Evidence from Swiss referendums",10.1016/j.ecolecon.2007.12.026 ; 10.1016/j.ecolecon.2017.02.027 ; 10.1016/j.tra.2013.10.004 ; https://doi.org/10.1038/s41558-022-01297-6,Female ; Gender ; Gender 'female' (reference 'male') ; Gender (female) ; Gender (male–female) ; Gender: Female ; Sex: Male,carbon_tax ; carbon_tax_with_revenue_recycling ; energy_tax_explicitly_carbon_or_fuel_based ; fuel_tax ; progressive_carbon_tax ; unclear_tax_instrument,+ ; - ; mixed ; n.a.,meta_analytic_estimate ; statistical_association,Acceptance of Tax & dividend ; Carbon tax support ; Municipal yes-vote share ; Prevalence of mentioning the carbon taxation topic (T11) in open-ended responses. ; Public opinion/acceptability toward climate change taxes and laws ; Standardized support for carbon tax with cash transfers (5-point Likert). ; Standardized support for progressive carbon tax on high-income households (5-point Likert). ; Support fuel tax ; Support/opposition to the carbon tax
Perceived environmental effectiveness,Perceived environmental effectiveness,perceived_effectiveness,"Belief that the tax or policy reduces emissions, pollution, or related outcomes.",substantive_mechanism,8,"Fighting Climate Change: International Attitudes toward Climate Policies ; French Attitudes on Climate Change, Carbon Taxation and other Climate Policies ; Green Taxes in a Post-Paris World: Are Millions of Nays Inevitable? ; How to win public support for financial climate policies: both climate anxiety and economic anticipation work ; Overcoming public resistance to carbon taxes ; Public acceptability of carbon pricing: Unravelling the impact of revenue recycling ; What explains public support for climate policies? A review of empirical and experimental studies ; Yellow Vests, Pessimistic Beliefs, and Carbon Tax Aversion",10.1002/wcc.531 ; 10.1007/s10640-017-0133-8 ; 10.1080/14693062.2015.1058240 ; 10.1080/17565529.2023.2266420 ; https://doi.org/10.1257/aer.20230501,Believes the policy would reduce GHG emissions ; Believes the policy would reduce air pollution ; Believing that the tax is effective (environmental effectiveness) ; Environmental effectiveness ; Perceived climate benefit ; Perceived effectiveness best predicted people’s policy choices... more effective... than a carbon tax ; effectiveness to reduce emissions ; ineffective to reduce pollution ; perceived environmental effectiveness ; were more likely to support a fuel tax if they believed the tax was going to reduce driving and exert a positive effect on climate change,carbon_tax ; carbon_tax_with_revenue_recycling ; energy_tax_explicitly_carbon_or_fuel_based ; fuel_tax,+ ; -,causal_estimate ; descriptive_evidence ; review_conclusion ; statistical_association,"Approval of Tax & Dividend (carbon tax acceptance) ; Approval of the tax & dividend reform (""Yes""). ; CT support ; Policy choice/support involving carbon tax ; Public acceptability/support/WTP for carbon taxes conditional on perceived effectiveness. ; Support for carbon tax with cash transfers ; Support for fuel tax ; Yes-vote on the initiative (probit among ballot participants). ; support/acceptability of carbon/fuel tax"
Personal financial burden and expected net losses,Personal financial burden and expected net losses,economic_self_interest_or_cost_exposure,"Expected household cost, purchasing-power loss, or net personal loss from the tax.",experimental_treatment ; substantive_mechanism,8,"Determinants of public support for transport taxes ; Fighting Climate Change: International Attitudes toward Climate Policies ; How to win public support for a global carbon tax ; How to win public support for financial climate policies: both climate anxiety and economic anticipation work ; Majority support for global redistributive and climate policies ; Overcoming public resistance to carbon taxes ; Perceived fairness and public acceptability of carbon pricing: A review of the literature ; Yellow Vests, Pessimistic Beliefs, and Carbon Tax Aversion",10.1002/wcc.531 ; 10.1016/j.tra.2013.10.004 ; 10.1038/s41562-025-02175-9 ; 10.1080/14693062.2019.1639490 ; 10.1080/17565529.2023.2266420 ; https://doi.org/10.1257/aer.20230501,"Believes own household would lose ; Higher energy prices and less purchasing power ; Loss of jobs ; Perceived personal benefit ; Personal finance ; South Africans preferred the revenues to be shared as a dividend, because this would do more to relieve the economic burden of a carbon tax there ; WTP from subjective gain (subjective net purchasing-power change) ; belief that one does not lose from it (win/lose category) ; direct personal cost ; perceptions that climate policies are in one’s self-interest",carbon_tax ; carbon_tax_with_revenue_recycling ; energy_tax_explicitly_carbon_or_fuel_based ; fuel_tax,+ ; -,causal_estimate ; descriptive_evidence ; experimental_treatment_effect ; review_conclusion ; statistical_association,"Acceptance of the tax & dividend reform (""Yes"" or ""Don’t know""). ; CT support ; Implied willingness to pay (median loss tolerated) / acceptance as function of subjective gain. ; Policy preference among carbon-tax revenue-use designs. ; Support for carbon tax with cash transfers ; Support for the GCS ; Support fuel tax ; acceptability/support of carbon tax ; support for carbon/fuel tax"
Car dependence and fuel-cost exposure,Car dependence and fuel-cost exposure,economic_self_interest_or_cost_exposure,"Direct exposure to fuel-tax costs through driving, vehicle ownership, or commuting mode.",demographic_control ; socioeconomic_control ; substantive_mechanism,7,"Exploring Citizen Support for Different Types of Climate Policy ; Fighting Climate Change: International Attitudes toward Climate Policies ; French Attitudes on Climate Change, Carbon Taxation and other Climate Policies ; Overcoming public resistance to carbon taxes ; The public acceptance of green taxes: 2 million voters express their opinion ; Voting on the environment: Price or ideology? Evidence from Swiss referendums ; What is a fair CO2 tax increase? On fair emission reductions in the transport sector",10.1002/wcc.531 ; 10.1016/j.ecolecon.2006.03.004 ; 10.1016/j.ecolecon.2007.12.026 ; 10.1016/j.ecolecon.2017.02.027 ; https://doi.org/10.1257/aer.20230501,"Car commuter ; Car-dependent respondents are less supportive of taxes on fossil fuels and carbon taxes with cash transfers ; Commute mode 'other (public transit, bike, carpool)' (reference 'drive myself') ; Frequent car user ; Number of cars in household ; did not own cars ; own a diesel vehicle",carbon_tax ; co2_tax ; diesel_tax ; energy_tax_explicitly_carbon_or_fuel_based ; fuel_tax ; other_direct_carbon_or_fuel_tax,+ ; -,descriptive_evidence ; review_conclusion ; statistical_association,Approval of a catching-up of the diesel tax ; Municipal yes-vote share ; Support for fossil-fuel taxes and carbon taxes with cash transfers ; Support/opposition to the carbon tax ; Vote in favour of increased CO2 tax versus vote against. ; approval of the energy-tax proposals ; support for fuel/energy tax
Climate concern and risk perception,Climate concern and risk perception,climate_beliefs_risk_perception_and_concern,"Concern about climate risk, seriousness, or urgency.",substantive_mechanism,7,"Determinants of public support for transport taxes ; Exploring Citizen Support for Different Types of Climate Policy ; French Attitudes on Climate Change, Carbon Taxation and other Climate Policies ; Globally representative evidence on the actual and perceived support for climate action ; Meta-analyses of fifteen determinants of public opinion about climate change taxes and laws ; Overcoming public resistance to carbon taxes ; Understanding Public Acceptability of Climate Policies in Europe",10.1002/wcc.531 ; 10.1016/j.ecolecon.2017.02.027 ; 10.1016/j.tra.2013.10.004 ; 10.1038/s41558-024-01925-3 ; https://doi.org/10.1038/s41558-022-01297-6,CC is disastrous ; Climate change concern ; Climate change concern (index) ; Climate change risk perception ; Climate change seriousness ; Concern driving ; demand for more political action ; low climate change concern,carbon_tax ; carbon_tax_with_revenue_recycling ; energy_tax_explicitly_carbon_or_fuel_based ; fuel_tax ; unclear_tax_instrument,+,meta_analytic_estimate ; review_conclusion ; statistical_association,Acceptance of Tax & dividend ; Carbon tax support ; Public opinion/acceptability toward climate change taxes and laws ; Stated support for a carbon tax on fossil fuels. ; Support fuel tax ; Support/opposition to the carbon tax ; support for carbon tax / tax design
Household rebates and dividends,Household rebates and dividends,revenue_recycling,"Returning revenue to households through rebates, transfers, or dividends.",experimental_treatment ; revenue_or_recycling_design,7,Fighting Climate Change: International Attitudes toward Climate Policies ; Green Taxes in a Post-Paris World: Are Millions of Nays Inevitable? ; How to win public support for a global carbon tax ; Perceived fairness and public acceptability of carbon pricing: A review of the literature ; Public acceptability of carbon pricing: Unravelling the impact of revenue recycling ; Public support for carbon pricing policies and revenue recycling options: a systematic review and meta-analysis of the survey literature ; The public’s views on climate policies in seven large global south countries,10.1007/s10640-017-0133-8 ; 10.1038/s41558-025-02389-9 ; 10.1038/s44168-024-00153-x ; 10.1080/14693062.2019.1639490 ; https://doi.org/10.1257/aer.20230501,Equal share of revenue given to each taxpayer ; Lump-sum transfers (i.e. fee-and-dividend policies) ; Return in equal shares ; Return to poor ; Sharing out funds per capita globally also appealed ... but not in the United States (44%). ; Social cushioning ; Tax rebate ; cash transfers to the poorest households / cash transfers to constrained households ; equal cash transfers to all households ; redistributing revenues domestically to each citizen ; targeted cash transfers ; uniform cash transfers,carbon_tax_with_revenue_recycling ; progressive_carbon_tax,+ ; - ; mixed ; n.a.,descriptive_evidence ; experimental_treatment_effect ; meta_analytic_estimate ; review_conclusion ; statistical_association,Acceptability of proposed carbon-tax designs in the choice experiment. ; Change in public support ; Public acceptability/support/WTP for carbon taxes when revenues are used for targeted social cushioning. ; Public acceptability/support/WTP for carbon taxes with per-capita lump-sum rebates. ; Ranked preference (1=most preferred) for carbon tax revenue earmarks. ; Support for a global carbon tax under the specified revenue-use design. ; Support for carbon tax variants ; Support for carbon tax with equal cash transfers ; acceptability/support of carbon tax
Urbanicity and rurality,Urbanicity and rurality,geography_and_contextual_exposure,Settlement context from rural to urban.,country_context ; demographic_control ; substantive_mechanism,7,"Exploring Citizen Support for Different Types of Climate Policy ; French Attitudes on Climate Change, Carbon Taxation and other Climate Policies ; Overcoming public resistance to carbon taxes ; Understanding Public Acceptability of Climate Policies in Europe ; Understanding the resistance to carbon taxes: Drivers and barriers among the general public and fuel-tax protesters ; Voting on the environment: Price or ideology? Evidence from Swiss referendums ; What is a fair CO2 tax increase? On fair emission reductions in the transport sector",10.1002/wcc.531 ; 10.1016/j.ecolecon.2006.03.004 ; 10.1016/j.ecolecon.2007.12.026 ; 10.1016/j.ecolecon.2017.02.027 ; 10.1016/j.reseneeco.2022.101331,Living in the countryside ; Residence ; Rural ; Rural (reference ‘urban’) ; Size of town (1 to 5) ; Urbanity ; lived in cities,carbon_tax ; carbon_tax_with_revenue_recycling ; co2_tax ; energy_tax_explicitly_carbon_or_fuel_based,+ ; - ; mixed,review_conclusion ; statistical_association,"Acceptance of Tax & dividend ; Carbon tax effectiveness, policy ranking, and support for using carbon-tax revenue. ; Carbon tax support ; Municipal yes-vote share ; Support/opposition to the carbon tax ; Vote in favour of increased CO2 tax versus vote against. ; support for energy tax"
Environmental and climate earmarking,Environmental and climate earmarking,revenue_recycling,Using tax revenue for environmental or climate-related projects.,experimental_treatment ; revenue_or_recycling_design,6,"Carbon pricing in climate policy: seven reasons, complementary instruments, and political economy considerations ; Green Taxes in a Post-Paris World: Are Millions of Nays Inevitable? ; How to win public support for a global carbon tax ; Overcoming public resistance to carbon taxes ; Public acceptability of carbon pricing: Unravelling the impact of revenue recycling ; What explains public support for climate policies? A review of empirical and experimental studies",10.1002/wcc.462 ; 10.1002/wcc.531 ; 10.1007/s10640-017-0133-8 ; 10.1080/14693062.2015.1058240,"Environmental recycling ; Funding mitigation projects worldwide received the highest support (65%), on average. ; earmarking carbon tax revenues ... for environmental projects or other issues ; earmarking proceeds ; environmental earmarking ; support a rise in fossil fuel taxes if revenues are earmarked... whereas without earmarking... prefers a decrease",carbon_tax_with_revenue_recycling ; fossil_fuel_tax,+ ; -,experimental_treatment_effect ; review_conclusion,Acceptability of proposed carbon-tax designs in the choice experiment. ; Public acceptability/support/WTP for carbon or fuel taxes under environmental earmarking versus alternative revenue uses. ; Support for a global carbon tax under the specified revenue-use design. ; Support/opposition to fossil fuel tax increases ; public and political acceptability of carbon tax designs with different revenue uses ; support/acceptability of carbon tax
Green investment and public-spending earmarks,Green investment and public-spending earmarks,revenue_recycling,"Channeling revenue to green investment, research, infrastructure, or public services.",revenue_or_recycling_design,6,"Fighting Climate Change: International Attitudes toward Climate Policies ; French Attitudes on Climate Change, Carbon Taxation and other Climate Policies ; Perceived fairness and public acceptability of carbon pricing: A review of the literature ; Public acceptability of carbon pricing: Unravelling the impact of revenue recycling ; Public support for carbon pricing policies and revenue recycling options: a systematic review and meta-analysis of the survey literature ; The public’s views on climate policies in seven large global south countries",10.1038/s41558-025-02389-9 ; 10.1038/s44168-024-00153-x ; 10.1080/14693062.2019.1639490 ; https://doi.org/10.1257/aer.20230501,"Climate change adaptation ; Environmental infrastructure ; Funding public transportation ; Funding research and technical innovation ; Funding technological innovation and energy efficiency ; Invest in clean R&D ; Invest in roads ; Mitigate negative impacts of climate change ; Spend on education and health ; Subsidies to low-carbon technologies and energy efficiency ; Subsidize solar panels ; fund environmental infrastructures, subsidize low-carbon technologies, or reduce income taxes ; green spending ; investments in the energy transition",carbon_tax_with_revenue_recycling,+ ; mixed,descriptive_evidence ; meta_analytic_estimate ; review_conclusion ; statistical_association,Approval of carbon tax by revenue-recycling use ; Change in public support ; Public acceptability/support for carbon or fuel taxes when revenues fund research and innovation. ; Public acceptability/support for carbon taxes with revenues devoted to adaptation versus other green or non-green uses. ; Public acceptability/support/WTP for carbon or fuel taxes when revenues fund environmental infrastructure. ; Public acceptability/support/WTP for carbon or fuel taxes with revenues used for low-carbon and efficiency subsidies. ; Ranked preference (1=most preferred) for carbon tax revenue earmarks. ; Support for carbon tax variants ; acceptability/support of carbon tax
Political ideology and market orientation,Political ideology and market orientation,ideology_partisanship_and_values,"Left-right, conservative, market-liberal, anti-intervention, or hierarchical worldviews.",political_control ; substantive_mechanism,6,"Carbon tax acceptance in a polarized society: Bridging the partisan divide over climate policy in the US ; Climate Change Risk Perception and Policy Preferences: The Role of Affect, Imagery, and Values ; Meta-analyses of fifteen determinants of public opinion about climate change taxes and laws ; Public support for climate policies and its ideological predictors across countries of the Global North and Global South ; Understanding Public Acceptability of Climate Policies in Europe ; Understanding the resistance to carbon taxes: Drivers and barriers among the general public and fuel-tax protesters",10.1007/s10584-006-9059-9 ; 10.1016/j.ecolecon.2025.108603 ; 10.1016/j.reseneeco.2022.101331 ; https://doi.org/10.1038/s41558-022-01297-6,Ideology (left–right) ; Left-and-right preference ; Political Ideology ; Political orientation ; free-market beliefs ; individualistic worldviews,carbon_tax ; gasoline_tax ; unclear_tax_instrument,+ ; -,meta_analytic_estimate ; statistical_association,"Carbon tax acceptance ; Carbon tax effectiveness, policy ranking, and support for using carbon-tax revenue. ; Carbon tax support ; Policy support for taxes (1–6). ; Public opinion/acceptability toward climate change taxes and laws ; Tax policy preferences index"
Revenue recycling via tax cuts,Revenue recycling via tax cuts,revenue_recycling,Recycling revenue through reductions in other taxes.,experimental_treatment ; revenue_or_recycling_design,6,"French Attitudes on Climate Change, Carbon Taxation and other Climate Policies ; How to win public support for a global carbon tax ; Overcoming public resistance to carbon taxes ; Perceived fairness and public acceptability of carbon pricing: A review of the literature ; Public acceptability of carbon pricing: Unravelling the impact of revenue recycling ; Public support for carbon pricing policies and revenue recycling options: a systematic review and meta-analysis of the survey literature",10.1002/wcc.531 ; 10.1038/s44168-024-00153-x ; 10.1080/14693062.2019.1639490,"Environmental tax reform (reducing existing taxes) ; Reducing indirect taxes, such as VAT ; Reducing labour taxes (including personal income taxes and social contributions) ; These were: lowering income taxes ... ; reducing income taxes ; reduction in the VAT rate (61% approval) ; tax cuts – income, labour, and consumption",carbon_tax_with_revenue_recycling,+ ; - ; mixed ; n.a.,descriptive_evidence ; experimental_treatment_effect ; meta_analytic_estimate ; review_conclusion,Approval of carbon tax revenue recycling ; Change in public support ; Public acceptability/support for carbon or fuel taxes when paired with indirect-tax reductions. ; Public acceptability/support/WTP for carbon or fuel taxes when revenues reduce labour taxes. ; Support for a global carbon tax under the specified revenue-use design. ; acceptability/support of carbon tax ; support for revenue-neutral carbon/fuel tax design
Value orientations,Value orientations,ideology_partisanship_and_values,"General value priorities, including pro-environmental and egalitarian values.",substantive_mechanism,6,"Climate Change Risk Perception and Policy Preferences: The Role of Affect, Imagery, and Values ; Exploring Citizen Support for Different Types of Climate Policy ; Meta-analyses of fifteen determinants of public opinion about climate change taxes and laws ; Public support for climate policies and its ideological predictors across countries of the Global North and Global South ; Understanding Public Acceptability of Climate Policies in Europe ; When worry about climate change leads to climate action: How values, worry and personal responsibility relate to various climate actions",10.1007/s10584-006-9059-9 ; 10.1016/j.ecolecon.2017.02.027 ; 10.1016/j.ecolecon.2025.108603 ; 10.1016/j.gloenvcha.2020.102061 ; https://doi.org/10.1038/s41558-022-01297-6,Biospheric ; Biospheric values ; Egalitarian attitudes (index) ; Egalitarianism ; Self-enhancement values ; Self-transcendent values ; biospheric values,carbon_tax ; fossil_fuel_tax ; gasoline_tax ; unclear_tax_instrument,+ ; - ; mixed,meta_analytic_estimate ; statistical_association,"Carbon tax support ; Policy support for taxes (tax policy instrument composite; 1–6 scale). ; Public opinion/acceptability toward climate change taxes and laws ; Support for tax on fossil fuels (“increasing taxes on fossil fuels, such as oil, gas and coal”) ; Support/opposition to the carbon tax ; Tax policy preferences index"
Green/environmentalist identification and affinity,Green/environmentalist identification and affinity,ideology_partisanship_and_values,"Affiliation with green, ecologist, or left-green political identities.",political_control ; substantive_mechanism,5,"French Attitudes on Climate Change, Carbon Taxation and other Climate Policies ; Overcoming public resistance to carbon taxes ; The public acceptance of green taxes: 2 million voters express their opinion ; Voting on the environment: Price or ideology? Evidence from Swiss referendums ; What is a fair CO2 tax increase? On fair emission reductions in the transport sector",10.1002/wcc.531 ; 10.1016/j.ecolecon.2006.03.004 ; 10.1016/j.ecolecon.2007.12.026,"Ecologist ; Green Party sympathiser ; Left-green ; Political affinity (1 = left/green parties, 0 = center/conservative) ; leftist or green affinities",carbon_tax_with_revenue_recycling ; co2_tax ; energy_tax_explicitly_carbon_or_fuel_based,+ ; mixed,review_conclusion ; statistical_association,Acceptance of Tax & dividend ; Municipal yes-vote share ; Vote in favour of increased CO2 tax versus vote against. ; approval of the energy-tax proposals / green tax reform vote ; support for energy/carbon tax
Income / household income,Income / household income,demographics_and_socioeconomic_status,Individual or household income and related nonlinearity terms.,socioeconomic_control,5,Meta-analyses of fifteen determinants of public opinion about climate change taxes and laws ; Overcoming public resistance to carbon taxes ; Understanding Public Acceptability of Climate Policies in Europe ; Understanding the resistance to carbon taxes: Drivers and barriers among the general public and fuel-tax protesters ; Voting on the environment: Price or ideology? Evidence from Swiss referendums,10.1002/wcc.531 ; 10.1016/j.ecolecon.2007.12.026 ; 10.1016/j.reseneeco.2022.101331 ; https://doi.org/10.1038/s41558-022-01297-6,Income ; Income / Income2 ; wealthier,carbon_tax ; energy_tax_explicitly_carbon_or_fuel_based ; unclear_tax_instrument,+ ; mixed ; n.a.,meta_analytic_estimate ; review_conclusion ; statistical_association,"Carbon tax effectiveness, policy ranking, and support for using carbon-tax revenue. ; Carbon tax support ; Municipal yes-vote share ; Public opinion/acceptability toward climate change taxes and laws ; support for carbon tax"
"Specific place, language, and world-region context","Specific place, language, and world-region context",geography_and_contextual_exposure,"Country, canton, province, language, or world-region context.",country_context ; substantive_mechanism,4,Public support for carbon pricing policies and revenue recycling options: a systematic review and meta-analysis of the survey literature ; Public support for climate policies and its ideological predictors across countries of the Global North and Global South ; The public acceptance of green taxes: 2 million voters express their opinion ; Voting on the environment: Price or ideology? Evidence from Swiss referendums,10.1016/j.ecolecon.2007.12.026 ; 10.1016/j.ecolecon.2025.108603 ; 10.1038/s44168-024-00153-x,"Africa ; Asia and Pacific ; French ; Graubünden ; Language (1 = French, 0 = German or Italian) ; Latin America and Caribbean ; aggregated region (Global North versus Global South)",carbon_tax ; carbon_tax_with_revenue_recycling ; energy_tax_explicitly_carbon_or_fuel_based,+ ; mixed,meta_analytic_estimate ; statistical_association,Change in public support ; Municipal yes-vote share ; Policy support for taxes (1–6). ; approval of the energy conservation package
Carbon-tax rate level,Carbon-tax rate level,policy_design,The nominal level of the carbon or fuel tax.,policy_design_feature,3,Green Taxes in a Post-Paris World: Are Millions of Nays Inevitable? ; Overcoming public resistance to carbon taxes ; The public acceptance of green taxes: 2 million voters express their opinion,10.1002/wcc.531 ; 10.1007/s10640-017-0133-8,Higher tax rate / much higher tax rate of the green tax reform ; Tax rate (CHF/tCO2) ; tax rate / level,carbon_tax_with_revenue_recycling ; energy_tax_explicitly_carbon_or_fuel_based,-,experimental_treatment_effect ; review_conclusion ; statistical_association,Acceptability of proposed carbon-tax designs in the choice experiment. ; approval of the energy-tax proposals ; public support/acceptability of carbon or fuel tax
Climate-change knowledge,Climate-change knowledge,knowledge_information_and_misperceptions,Knowledge of climate science or climate-change facts.,substantive_mechanism,3,"French Attitudes on Climate Change, Carbon Taxation and other Climate Policies ; Meta-analyses of fifteen determinants of public opinion about climate change taxes and laws ; Public support for climate policies and its ideological predictors across countries of the Global North and Global South",10.1016/j.ecolecon.2025.108603 ; https://doi.org/10.1038/s41558-022-01297-6,Climate change knowledge ; Knowledge about CC ; self-reported climate change knowledge,carbon_tax ; carbon_tax_with_revenue_recycling ; unclear_tax_instrument,+,meta_analytic_estimate ; statistical_association,Acceptance of Tax & dividend ; Policy support for taxes (1–6). ; Public opinion/acceptability toward climate change taxes and laws
Corporate tax cuts,Corporate tax cuts,revenue_recycling,Using revenue to cut corporate taxes.,revenue_or_recycling_design,3,Fighting Climate Change: International Attitudes toward Climate Policies ; Public acceptability of carbon pricing: Unravelling the impact of revenue recycling ; Public support for carbon pricing policies and revenue recycling options: a systematic review and meta-analysis of the survey literature,10.1038/s44168-024-00153-x ; https://doi.org/10.1257/aer.20230501,Reducing corporate taxes ; corporate tax cuts ; reduction in corporate income taxes,carbon_tax_with_revenue_recycling,- ; n.a.,descriptive_evidence ; meta_analytic_estimate ; review_conclusion,Change in public support ; Public acceptability/support for carbon or fuel taxes when revenues reduce corporate taxes. ; Support for carbon tax variants
Debt reduction and general-budget use,Debt reduction and general-budget use,revenue_recycling,Allocating revenue to debt reduction or the general budget.,revenue_or_recycling_design,3,Perceived fairness and public acceptability of carbon pricing: A review of the literature ; Public acceptability of carbon pricing: Unravelling the impact of revenue recycling ; The public’s views on climate policies in seven large global south countries,10.1038/s41558-025-02389-9 ; 10.1080/14693062.2019.1639490,General budget ; Reduced government deficit ; reducing public debt / deficit reduction ; supplementing the government budget / general budget,carbon_tax_with_revenue_recycling,- ; mixed,review_conclusion ; statistical_association,Public acceptability/support for carbon or fuel taxes when revenues supplement the general budget. ; Public acceptability/support for carbon taxes when revenues reduce public debt. ; Ranked preference (1=most preferred) for carbon tax revenue earmarks. ; acceptability/support of carbon tax
Policy experience and learning,Policy experience and learning,policy_experience_and_learning,"Changes in acceptability after exposure, implementation, or staged rollout.",country_context ; substantive_mechanism,3,Overcoming public resistance to carbon taxes ; Public acceptability of carbon pricing: Unravelling the impact of revenue recycling ; Public support for carbon pricing policies and revenue recycling options: a systematic review and meta-analysis of the survey literature,10.1002/wcc.531 ; 10.1038/s44168-024-00153-x,Carbon pricing policy in place ; The carbon tax in British Columbia became acceptable over time ; trial periods,carbon_tax ; other_direct_carbon_or_fuel_tax,+ ; n.a.,meta_analytic_estimate ; review_conclusion,Change in public support ; Public acceptability/support for an implemented carbon tax over time versus initial opposition pre-implementation. ; support/acceptance of tax after trial or implementation
Social norms and perceived support,Social norms and perceived support,social_norms_and_perceived_support,"Perceived social support, pro-environmental norms, or responsibility cues.",substantive_mechanism,3,"Voting on the environment: Price or ideology? Evidence from Swiss referendums ; What explains public support for climate policies? A review of empirical and experimental studies ; When worry about climate change leads to climate action: How values, worry and personal responsibility relate to various climate actions",10.1016/j.ecolecon.2007.12.026 ; 10.1016/j.gloenvcha.2020.102061 ; 10.1080/14693062.2015.1058240,Env. behavior ; Feelings of personal responsibility to reduce climate change ; support for a carbon tax falls when people receive information that only a minority of other citizens support the proposed tax,carbon_tax ; energy_tax_explicitly_carbon_or_fuel_based ; fossil_fuel_tax,+,review_conclusion ; statistical_association,"Carbon tax support ; Municipal yes-vote share ; Support for tax on fossil fuels (“increasing taxes on fossil fuels, such as oil, gas and coal”)"
Transport alternatives and public-transit access,Transport alternatives and public-transit access,geography_and_contextual_exposure,Access to or use of transport alternatives to driving.,demographic_control ; policy_design_feature ; substantive_mechanism,3,"Determinants of public support for transport taxes ; French Attitudes on Climate Change, Carbon Taxation and other Climate Policies ; What explains public support for climate policies? A review of empirical and experimental studies",10.1016/j.tra.2013.10.004 ; 10.1080/14693062.2015.1058240,Frequency of public transit ; Transport alternatives ; improved public transport can reduce some public opposition to gasoline (petrol) taxes,carbon_tax_with_revenue_recycling ; fuel_tax ; gasoline_tax,+,review_conclusion ; statistical_association,Approval of Tax & dividend ; Opposition to gasoline taxes ; Support fuel tax
Anthropogenic climate-change belief,Anthropogenic climate-change belief,climate_beliefs_risk_perception_and_concern,Belief that climate change is real and human-caused.,substantive_mechanism,2,Meta-analyses of fifteen determinants of public opinion about climate change taxes and laws ; Meta-analyses of the determinants and outcomes of belief in climate change,10.1038/NCLIMATE2943 ; https://doi.org/10.1038/s41558-022-01297-6,Climate change belief ; belief in climate change,unclear_tax_instrument,+,meta_analytic_estimate,Public opinion/acceptability toward climate change taxes and laws ; Support for carbon tax/cap and trade
Climate anxiety and worry,Climate anxiety and worry,emotions_and_affect,"Affective worry, anxiety, or negative emotional response to global warming.",substantive_mechanism,2,"How to win public support for financial climate policies: both climate anxiety and economic anticipation work ; When worry about climate change leads to climate action: How values, worry and personal responsibility relate to various climate actions",10.1016/j.gloenvcha.2020.102061 ; 10.1080/17565529.2023.2266420,Climate anxietyT1 ; Climate anxietyT2 ; Worry about climate change,carbon_tax ; fossil_fuel_tax,+ ; mixed,statistical_association,"CT support ; Support for tax on fossil fuels (“increasing taxes on fossil fuels, such as oil, gas and coal”)"
Competitiveness and job-loss concerns,Competitiveness and job-loss concerns,sectoral_or_occupational_exposure,Concern that the tax harms sectoral competitiveness or jobs.,substantive_mechanism,2,Green Taxes in a Post-Paris World: Are Millions of Nays Inevitable? ; Overcoming public resistance to carbon taxes,10.1002/wcc.531 ; 10.1007/s10640-017-0133-8,Competitiveness effects ; loss of competitiveness and jobs,energy_tax_explicitly_carbon_or_fuel_based,-,review_conclusion ; statistical_association,Yes-vote on the initiative (probit among ballot participants). ; opposition to carbon/fuel tax
Cost misperceptions about policy impacts,Cost misperceptions about policy impacts,knowledge_information_and_misperceptions,"Incorrect beliefs about policy costs, benefits, or comparative alternatives.",substantive_mechanism,2,"What explains public support for climate policies? A review of empirical and experimental studies ; Yellow Vests, Pessimistic Beliefs, and Carbon Tax Aversion",10.1080/14693062.2015.1058240,overestimate the costs of taxes and underestimate the ‘hidden’ costs of alternative policies ; pessimistic bias about net gains (overestimate losses),carbon_tax_with_revenue_recycling ; unclear_tax_instrument,-,descriptive_evidence ; review_conclusion,Opposition to the tax & dividend reform (disapproval of the reform). ; Support for tax-based climate policy
Instrument choice: subsidies versus taxation,Instrument choice: subsidies versus taxation,policy_design,Preference for subsidies or subsidy reform over direct CO2 taxation.,policy_design_feature,2,Public support for carbon pricing policies and revenue recycling options: a systematic review and meta-analysis of the survey literature ; What explains public support for climate policies? A review of empirical and experimental studies,10.1038/s44168-024-00153-x ; 10.1080/14693062.2015.1058240,Carbon and environmental tax ; people approved ... subsidies ... or expansion of public transportation. To a significantly lesser degree they supported two types of CO2 taxation,carbon_tax ; co2_tax,- ; n.a.,meta_analytic_estimate ; review_conclusion,Change in public support ; Support/policy preference for CO2 taxation
Perceived co-benefits and energy security,Perceived co-benefits and energy security,perceived_effectiveness,Expected broader co-benefits beyond emissions reduction.,substantive_mechanism,2,Fighting Climate Change: International Attitudes toward Climate Policies ; Green Taxes in a Post-Paris World: Are Millions of Nays Inevitable?,10.1007/s10640-017-0133-8 ; https://doi.org/10.1257/aer.20230501,Believes the policy would have positive econ. effects ; Energy security,carbon_tax_with_revenue_recycling ; energy_tax_explicitly_carbon_or_fuel_based,+,statistical_association,Support for carbon tax with cash transfers ; Yes-vote on the initiative (probit among ballot participants).
Perceived fairness,Perceived fairness,fairness_and_distribution,Overall judgment that the tax or policy is fair.,policy_design_feature ; substantive_mechanism,2,Fighting Climate Change: International Attitudes toward Climate Policies ; Meta-analyses of fifteen determinants of public opinion about climate change taxes and laws,https://doi.org/10.1038/s41558-022-01297-6 ; https://doi.org/10.1257/aer.20230501,Believes the policy is fair ; Fairness,carbon_tax_with_revenue_recycling ; unclear_tax_instrument,+,meta_analytic_estimate ; statistical_association,Public opinion/acceptability toward climate change taxes and laws ; Support for carbon tax with cash transfers
Progressive tax design,Progressive tax design,policy_design,"A tax schedule that rises with income or thresholds, shifting burden toward higher-income groups.",policy_design_feature,2,"Carbon pricing in climate policy: seven reasons, complementary instruments, and political economy considerations ; Overcoming public resistance to carbon taxes",10.1002/wcc.462 ; 10.1002/wcc.531,designs that protect low-income households ; progressive energy tax ; progressive tax rate,carbon_tax_with_revenue_recycling ; energy_tax_explicitly_carbon_or_fuel_based,+,experimental_treatment_effect ; review_conclusion,preference for carbon/fuel tax design ; stated acceptability and support for alternative carbon/energy tax designs ; stated acceptability of the proposed energy tax in the choice experiment
Protest-movement alignment,Protest-movement alignment,other,Alignment with anti-tax protest movements.,political_control ; substantive_mechanism,2,"French Attitudes on Climate Change, Carbon Taxation and other Climate Policies ; Understanding the resistance to carbon taxes: Drivers and barriers among the general public and fuel-tax protesters",10.1016/j.reseneeco.2022.101331,Protester (ref. National sample) ; Yellow Vests: supports,carbon_tax ; carbon_tax_with_revenue_recycling,-,statistical_association,"Acceptance of Tax & dividend ; Carbon tax effectiveness, policy ranking, and support for using carbon-tax revenue."
Revenue-recycling salience and communication,Revenue-recycling salience and communication,knowledge_information_and_misperceptions,Information or salience treatment about revenue recycling.,substantive_mechanism,2,Overcoming public resistance to carbon taxes ; Public acceptability of carbon pricing: Unravelling the impact of revenue recycling,10.1002/wcc.531,information devices / budgetary information ; salience and communication of revenue recycling,carbon_tax ; carbon_tax_with_revenue_recycling,+,review_conclusion,Public acceptability/support for carbon taxes before and after information on revenue recycling and its effects. ; support/acceptability of carbon tax
Trust in the scientific community,Trust in the scientific community,trust_and_institutions,Confidence in scientists and scientific institutions.,substantive_mechanism,2,Denial and distrust: explaining the partisan climate gap ; Exploring Citizen Support for Different Types of Climate Policy,10.1007/s10584-022-03321-2 ; 10.1016/j.ecolecon.2017.02.027,Scientists ; Trust (science),carbon_tax,+,statistical_association,Support for the carbon tax policy (support vs oppose/not sure). ; Support/opposition to the carbon tax
Alarmist/disaster image association,Alarmist/disaster image association,emotions_and_affect,Association of the issue with alarmist or catastrophic imagery.,substantive_mechanism,1,"Climate Change Risk Perception and Policy Preferences: The Role of Affect, Imagery, and Values",10.1007/s10584-006-9059-9,Alarmists,gasoline_tax,+,statistical_association,Tax policy preferences index
Allocate climate-fund revenues to all countries vs only emerging/developing,Allocate climate-fund revenues to all countries vs only emerging/developing,fairness_and_distribution,"For a pooled/global carbon tax, allocating mitigation funds to all countries versus allocating them only to emerging/developing countries.",experimental_treatment,1,How to win public support for a global carbon tax,,could succeed if its revenues were allocated to all countries. Transferring wealth from developed to only emerging countries might trigger opposition in the former,carbon_tax_with_revenue_recycling,mixed,experimental_treatment_effect,Support for a global carbon tax with the specified international allocation rule.
Anger-inducing climate video,Anger-inducing climate video,emotions_and_affect,Video treatment designed to induce anger about climate change.,experimental_treatment,1,Emotions and Policy Views,,Anger treatment branch,carbon_tax_with_revenue_recycling ; progressive_carbon_tax,+,experimental_treatment_effect,Standardized support for carbon tax with cash transfers (5-point Likert). ; Standardized support for progressive carbon tax on high-income households (5-point Likert).
Belief in the Pigouvian mechanism,Belief in the Pigouvian mechanism,perceived_effectiveness,Belief that pricing pollution works through Pigouvian incentives.,substantive_mechanism,1,Understanding the resistance to carbon taxes: Drivers and barriers among the general public and fuel-tax protesters,10.1016/j.reseneeco.2022.101331,Pigouvian principle,carbon_tax,+,statistical_association,"Carbon tax effectiveness, policy ranking, and support for using carbon-tax revenue."
Belief the carbon tax would penalize the poorest reduces approval,Belief the carbon tax would penalize the poorest reduces approval,fairness_and_distribution,Respondents cite that the Tax & Dividend would penalize the poorest households.,substantive_mechanism,1,"French Attitudes on Climate Change, Carbon Taxation and other Climate Policies",,penalize the poorest (sixth position with 29%),carbon_tax_with_revenue_recycling,-,descriptive_evidence,Approval of Tax & Dividend (carbon tax acceptance)
Carbon-tax revenue earmarking vs general budget,Carbon-tax revenue earmarking vs general budget,revenue_recycling,Carbon-tax acceptability is higher when revenues are earmarked for specific purposes rather than allocated to the general tax budget.,revenue_or_recycling_design,1,What explains public support for climate policies? A review of empirical and experimental studies,10.1080/14693062.2015.1058240,acceptability of a carbon tax can vary between 68% and 48% depending on whether revenues are earmarked... or go directly to the general tax budget,carbon_tax_with_revenue_recycling,+,review_conclusion,Carbon tax acceptability
Carbon-tax wording effect,Carbon-tax wording effect,policy_design,Support changes when the same price instrument is labeled differently.,policy_design_feature,1,What explains public support for climate policies? A review of empirical and experimental studies,10.1080/14693062.2015.1058240,Republicans preferred to pay more... labelled as a carbon offset than... labelled as a carbon tax (no difference for Democrats),carbon_tax,mixed,review_conclusion,Willingness to pay for the labelled charge
Climate image associations and uncertainty,Climate image associations and uncertainty,knowledge_information_and_misperceptions,"Associations of the policy or climate issue with skepticism, politics, generic climate imagery, or uncertainty.",substantive_mechanism,1,"Climate Change Risk Perception and Policy Preferences: The Role of Affect, Imagery, and Values",10.1007/s10584-006-9059-9,Climate change ; Don’t know ; Naysayers ; Politics,gasoline_tax,-,statistical_association,Tax policy preferences index
Climate-impacts information video,Climate-impacts information video,knowledge_information_and_misperceptions,Information video on climate-change impacts.,experimental_treatment,1,Fighting Climate Change: International Attitudes toward Climate Policies,https://doi.org/10.1257/aer.20230501,Climate impacts treatment,carbon_tax_with_revenue_recycling,n.a.,experimental_treatment_effect,Support for carbon tax with cash transfers
Climate-policy information video,Climate-policy information video,knowledge_information_and_misperceptions,Information video explaining how climate policies work.,experimental_treatment,1,Fighting Climate Change: International Attitudes toward Climate Policies,https://doi.org/10.1257/aer.20230501,Climate policies treatment,carbon_tax_with_revenue_recycling,+,experimental_treatment_effect,Support for carbon tax with cash transfers
Climate-science denial,Climate-science denial,climate_beliefs_risk_perception_and_concern,Rejection or low acceptance of climate science.,substantive_mechanism,1,Denial and distrust: explaining the partisan climate gap,10.1007/s10584-022-03321-2,Climate denial,carbon_tax,-,statistical_association,Support for the carbon tax policy (support vs oppose/not sure).
Combined climate-impacts and policy videos,Combined climate-impacts and policy videos,knowledge_information_and_misperceptions,Combined information treatment using climate-impacts and policy videos.,experimental_treatment,1,Fighting Climate Change: International Attitudes toward Climate Policies,https://doi.org/10.1257/aer.20230501,Both treatments,carbon_tax_with_revenue_recycling,+,experimental_treatment_effect,Support for carbon tax with cash transfers
Concern about income inequality (Swiss energy tax referendum),Concern about income inequality (Swiss energy tax referendum),fairness_and_distribution,Voters’ concern that an energy tax replacing VAT would worsen income inequality compared with the status quo.,substantive_mechanism,1,"Carbon pricing in climate policy: seven reasons, complementary instruments, and political economy considerations",10.1002/wcc.462,Concern about income inequality [in Swiss 2015 energy tax ballot],energy_tax_explicitly_carbon_or_fuel_based,-,review_conclusion,vote choice in the 2015 Swiss referendum on replacing VAT with an energy tax
Deliberation-based learning,Deliberation-based learning,policy_experience_and_learning,Deliberative engagement that increases support.,substantive_mechanism,1,What explains public support for climate policies? A review of empirical and experimental studies,10.1080/14693062.2015.1058240,a majority of participants favoured a carbon tax after deliberation,carbon_tax,+,review_conclusion,Carbon tax favourability
Demand for climate action,Demand for climate action,climate_beliefs_risk_perception_and_concern,Desire for stronger political action on climate change.,substantive_mechanism,1,Globally representative evidence on the actual and perceived support for climate action,10.1038/s41558-024-01925-3,demand for more political action,carbon_tax,+,statistical_association,Stated support for a carbon tax on fossil fuels.
Environmental NGOs’ lobbying and communication for carbon tax,Environmental NGOs’ lobbying and communication for carbon tax,social_norms_and_perceived_support,"Active environmental organizations that advocate for and communicate the benefits of the carbon tax, helping to build and sustain support.",substantive_mechanism,1,"Carbon pricing in climate policy: seven reasons, complementary instruments, and political economy considerations",10.1002/wcc.462,importance of environmental organizations in successfully spreading support for British Columbia’s carbon tax,carbon_tax,+,qualitative_evidence,support and political acceptance of the British Columbia carbon tax
Environmental exposure,Environmental exposure,geography_and_contextual_exposure,Local environmental pollution or exposure context.,substantive_mechanism,1,Understanding Public Acceptability of Climate Policies in Europe,,PM2.5 annual mean level (2014-2015),carbon_tax,n.a.,statistical_association,Carbon tax support
Fairness principles and fairness orientation,Fairness principles and fairness orientation,fairness_and_distribution,"Endorsement of fairness principles such as equality, need, or polluter-pays.",substantive_mechanism,1,What is a fair CO2 tax increase? On fair emission reductions in the transport sector,10.1016/j.ecolecon.2006.03.004,Equality principle considered fair ; Equity considered fair ; Need principle considered fair,co2_tax,+ ; mixed,statistical_association,Vote in favour of increased CO2 tax versus vote against.
Fear-inducing climate video,Fear-inducing climate video,emotions_and_affect,Video treatment designed to induce fear about climate change.,experimental_treatment,1,Emotions and Policy Views,,Fear treatment branch,carbon_tax_with_revenue_recycling ; progressive_carbon_tax,n.a.,experimental_treatment_effect,Standardized support for carbon tax with cash transfers (5-point Likert). ; Standardized support for progressive carbon tax on high-income households (5-point Likert).
Fuel-tax fairness principles (equality/need) increase support,Fuel-tax fairness principles (equality/need) increase support,fairness_and_distribution,Fuel-tax support rises when citizens endorse equality (equal reductions) and need (those who need to emit reduce less) as fairness principles.,substantive_mechanism,1,What explains public support for climate policies? A review of empirical and experimental studies,10.1080/14693062.2015.1058240,support for fairness principles ‘equality’ and ‘need’... strongly positive impact on tax support,fuel_tax,+,review_conclusion,Fuel-tax support
Gasoline-tax revenue recycling to taxpayers (VAT/income tax reductions),Gasoline-tax revenue recycling to taxpayers (VAT/income tax reductions),revenue_recycling,Recycling gasoline-tax revenues to citizens via VAT or income-tax reductions increases support for higher gasoline taxation.,revenue_or_recycling_design,1,What explains public support for climate policies? A review of empirical and experimental studies,10.1080/14693062.2015.1058240,Revenue recycling... reducing VAT or income tax — increased policy support,gasoline_tax,+,review_conclusion,Support for gasoline taxation
General climate and policy interaction by world region,Region interaction terms,geography_and_contextual_exposure,"Interaction between world region and ideology, trust, or values.",country_context,1,Public support for climate policies and its ideological predictors across countries of the Global North and Global South,10.1016/j.ecolecon.2025.108603,biospheric values × aggregated region ; individualistic worldviews × aggregated region ; trust in public institutions × aggregated region,carbon_tax,+ ; - ; n.a.,statistical_association,Policy support for taxes (1–6). ; Policy support for taxes (within the modeled interaction).
Generic climate-change image association,Generic climate-change image association,knowledge_information_and_misperceptions,Neutral or generic climate-change image association.,substantive_mechanism,1,"Climate Change Risk Perception and Policy Preferences: The Role of Affect, Imagery, and Values",10.1007/s10584-006-9059-9,Climate change,gasoline_tax,-,statistical_association,Tax policy preferences index
Global revenue sharing,Global revenue sharing,revenue_recycling,Sharing revenues internationally on an equal-per-capita basis.,experimental_treatment,1,How to win public support for a global carbon tax,,Sharing out funds per capita globally also appealed ... but not in the United States (44%).,carbon_tax_with_revenue_recycling,mixed,experimental_treatment_effect,Support for a global carbon tax under the specified revenue-use design.
High overall fairness orientation,High overall fairness orientation,fairness_and_distribution,High combined score across fairness principles for emission reductions.,substantive_mechanism,1,What is a fair CO2 tax increase? On fair emission reductions in the transport sector,10.1016/j.ecolecon.2006.03.004,‘Fairness intensity’ high,co2_tax,+,statistical_association,Vote in favour of increased CO2 tax versus vote against.
Low cost-salience treatment,Low cost-salience treatment,economic_self_interest_or_cost_exposure,Experimental omission that lowers salience of price impacts.,experimental_treatment,1,"French Attitudes on Climate Change, Carbon Taxation and other Climate Policies",,without mentioning the impact on prices,carbon_tax_with_revenue_recycling,+,experimental_treatment_effect,Approval of Tax & Dividend (carbon tax acceptance)
Middle age 30-49,Middle age 30-49,demographics_and_socioeconomic_status,Respondent is 30 to 49 years old.,demographic_control,1,What is a fair CO2 tax increase? On fair emission reductions in the transport sector,10.1016/j.ecolecon.2006.03.004,Age 30–49 years,co2_tax,-,statistical_association,Vote in favour of increased CO2 tax versus vote against.
Misperceived (overestimated) purchasing power losses from the carbon tax,Misperceived (overestimated) purchasing power losses from the carbon tax,economic_self_interest_or_cost_exposure,Belief that the Tax & Dividend would reduce one’s household purchasing power (even when expected exposure is low).,substantive_mechanism,1,"French Attitudes on Climate Change, Carbon Taxation and other Climate Policies",,overestimation of its impact on one’s purchasing power,carbon_tax_with_revenue_recycling,-,descriptive_evidence,Approval of Tax & Dividend (carbon tax acceptance)
Partisan identification and vote choice,Partisan identification and vote choice,ideology_partisanship_and_values,"Party identification, vote choice, or partisan leaning.",political_control,1,Emotions and Policy Views,,Trump,carbon_tax_with_revenue_recycling ; progressive_carbon_tax,-,statistical_association,Standardized support for carbon tax with cash transfers (5-point Likert). ; Standardized support for progressive carbon tax on high-income households (5-point Likert).
Perceived distributional fairness of carbon tax and revenue use,Perceived distributional fairness of carbon tax and revenue use,fairness_and_distribution,Belief that the carbon or fuel tax and associated revenue recycling distribute burdens and benefits fairly across income groups and social categories.,substantive_mechanism,1,Public acceptability of carbon pricing: Unravelling the impact of revenue recycling,,perceived fairness… with a specific emphasis on distributional fairness,carbon_tax,+,review_conclusion,Public acceptability/support/WTP for carbon or fuel taxes as a function of perceived distributional fairness.
Perceived effectiveness and progressivity,Perceived effectiveness and progressivity,perceived_effectiveness,Support based on both expected effectiveness and progressive incidence.,substantive_mechanism,1,"French Attitudes on Climate Change, Carbon Taxation and other Climate Policies",,broadly perceived effectiveness ... distributive effect ... richer people fly more,fuel_tax,+,theoretical_argument,Approval of a tax on kerosene (aviation)
Perceived fuel-tax effectiveness in improving air quality,Perceived fuel-tax effectiveness in improving air quality,perceived_effectiveness,Belief that increasing fuel taxes would improve local air quality.,substantive_mechanism,1,Determinants of public support for transport taxes,10.1016/j.tra.2013.10.004,Effectiveness environment,fuel_tax,+,statistical_association,Support fuel tax
Perceived lack of affordable alternatives,Perceived lack of affordable alternatives,perceived_effectiveness,Perception that viable low-carbon substitutes are unavailable or too costly.,substantive_mechanism,1,"French Attitudes on Climate Change, Carbon Taxation and other Climate Policies",,alternatives are insufficient or too expensive,carbon_tax_with_revenue_recycling,-,descriptive_evidence,Approval of Tax & Dividend (carbon tax acceptance)
Policy information satisfaction,Policy information satisfaction,knowledge_information_and_misperceptions,Satisfaction with how the policy is explained or communicated.,substantive_mechanism,1,Perceived fairness and public acceptability of carbon pricing: A review of the literature,10.1080/14693062.2019.1639490,Satisfaction with governmental information provision about the policy,carbon_tax,+,review_conclusion,acceptability/support of carbon tax
Policy understanding,Policy understanding,knowledge_information_and_misperceptions,Understanding of the policy's rules or functioning.,substantive_mechanism,1,Perceived fairness and public acceptability of carbon pricing: A review of the literature,10.1080/14693062.2019.1639490,Limited understanding of the policy,carbon_tax,-,review_conclusion,acceptability/support of carbon tax
Political framing/image association,Political framing/image association,ideology_partisanship_and_values,Association of the issue with politics or partisan framing.,substantive_mechanism,1,"Climate Change Risk Perception and Policy Preferences: The Role of Affect, Imagery, and Values",10.1007/s10584-006-9059-9,Politics,gasoline_tax,-,statistical_association,Tax policy preferences index
Political interest and engagement,Political interest and engagement,other,Attention to or engagement with politics.,political_control,1,"French Attitudes on Climate Change, Carbon Taxation and other Climate Policies",,Interest in politics (0 to 2),carbon_tax_with_revenue_recycling,+,statistical_association,Approval of Tax & dividend
Positive-emotion relaxation video,Positive-emotion relaxation video,emotions_and_affect,Video treatment designed to induce positive affect or relaxation.,experimental_treatment,1,Emotions and Policy Views,,Positive emotion treatment branch,carbon_tax_with_revenue_recycling,-,experimental_treatment_effect,Standardized support for carbon tax with cash transfers (5-point Likert).
Preservation of freedom of choice,Preservation of freedom of choice,policy_design,Policy seen as preserving consumer choice and autonomy.,substantive_mechanism,1,Perceived fairness and public acceptability of carbon pricing: A review of the literature,10.1080/14693062.2019.1639490,Policy does not limit freedom of choice,carbon_tax,+,review_conclusion,acceptability/support of carbon tax
Pros-and-cons framing,Pros-and-cons framing,knowledge_information_and_misperceptions,Exposure to a pros-and-cons framing about the policy.,experimental_treatment,1,Majority support for global redistributive and climate policies,10.1038/s41562-025-02175-9,pros and cons,carbon_tax_with_revenue_recycling,-,experimental_treatment_effect,Support for the GCS
Province of residence: Alberta,Province of residence: Alberta,geography_and_contextual_exposure,Residing in Alberta relative to Ontario.,country_context,1,Exploring Citizen Support for Different Types of Climate Policy,10.1016/j.ecolecon.2017.02.027,Alberta (reference ‘Ontario’),carbon_tax,+,statistical_association,Support/opposition to the carbon tax
Province of residence: Manitoba/Saskatchewan,Province of residence: Manitoba/Saskatchewan,geography_and_contextual_exposure,Residing in Manitoba or Saskatchewan relative to Ontario.,country_context,1,Exploring Citizen Support for Different Types of Climate Policy,10.1016/j.ecolecon.2017.02.027,Manitoba/Saskatchewan (reference ‘Ontario’),carbon_tax,+,statistical_association,Support/opposition to the carbon tax
Race,Race,demographics_and_socioeconomic_status,"Individual racial identity, here white/Caucasian versus reference groups.",demographic_control,1,"Climate Change Risk Perception and Policy Preferences: The Role of Affect, Imagery, and Values",10.1007/s10584-006-9059-9,White,gasoline_tax,-,statistical_association,Tax policy preferences index
Regional socioeconomic context,Regional socioeconomic context,geography_and_contextual_exposure,Macro or regional economic context affecting affordability.,country_context ; substantive_mechanism,1,Understanding Public Acceptability of Climate Policies in Europe,,GDP per capita (2015) ; National electricity price (log) ; Unemployment rate (2015),carbon_tax,+ ; n.a.,statistical_association,Carbon tax support
Responsibility assignment: taxpayers vs industry/energy users,Responsibility assignment: taxpayers vs industry/energy users,fairness_and_distribution,Willingness to pay for carbon/fuel mitigation decreases when general taxpayers are assigned major responsibility rather than industry/energy users.,substantive_mechanism,1,What explains public support for climate policies? A review of empirical and experimental studies,10.1080/14693062.2015.1058240,WTP... decrease if general taxpayers are assigned great responsibility... increase if industry and energy users are targeted,carbon_tax,-,review_conclusion,Willingness to pay for mitigation under tax-like policy framing
Revenue control under harmonized carbon taxes,Revenue control under harmonized carbon taxes,policy_design,Global carbon-tax design where countries keep control over revenue use.,policy_design_feature,1,How to win public support for a global carbon tax,,"A global system of harmonized carbon taxes, in which countries retain control over the revenues",carbon_tax_with_revenue_recycling,mixed,descriptive_evidence,Perceived feasibility/acceptability of implementing carbon taxes under different revenue-governance designs.
Revenue-neutrality belief,Revenue-neutrality belief,revenue_recycling,Belief that carbon-tax revenue is returned so net government revenue is unchanged.,substantive_mechanism,1,Green Taxes in a Post-Paris World: Are Millions of Nays Inevitable?,10.1007/s10640-017-0133-8,Revenue neutrality,energy_tax_explicitly_carbon_or_fuel_based,+,statistical_association,Yes-vote on the initiative (probit among ballot participants).
Revenue-recycling / redistribution framing,Revenue-recycling / redistribution framing,revenue_recycling,Framing the policy around redistributing or recycling revenues.,experimental_treatment,1,Carbon tax acceptance in a polarized society: Bridging the partisan divide over climate policy in the US,,Distributional fairness framing,carbon_tax_with_revenue_recycling,mixed,experimental_treatment_effect,Carbon tax acceptance
Rural residence increases opposition to diesel tax,Rural residence increases opposition to diesel tax,geography_and_contextual_exposure,Rural households vs Paris agglomeration regarding opposition to raising diesel taxes.,demographic_control,1,"French Attitudes on Climate Change, Carbon Taxation and other Climate Policies",,73% of rural households would be opposed,diesel_tax,-,descriptive_evidence,Approval of a catching-up of the diesel tax
Salient distributional-impacts information,Salient distributional-impacts information,knowledge_information_and_misperceptions,Making distributional impacts of the policy salient.,experimental_treatment,1,"Carbon pricing in climate policy: seven reasons, complementary instruments, and political economy considerations",10.1002/wcc.462,information on its distributional properties are made salient,energy_tax_explicitly_carbon_or_fuel_based,+,experimental_treatment_effect,stated acceptability of the energy tax under different information treatments
Sectoral compensation,Sectoral compensation,revenue_recycling,Returning revenue to industries or sectors harmed by the tax.,revenue_or_recycling_design,1,Public acceptability of carbon pricing: Unravelling the impact of revenue recycling,,Tax rebates to economic sectors,carbon_tax_with_revenue_recycling,mixed,review_conclusion,Public acceptability/support for carbon taxes with sectoral rebates versus other revenue uses.
Sectoral employment exposure,Sectoral employment exposure,sectoral_or_occupational_exposure,Exposure through employment in affected sectors.,substantive_mechanism,1,Voting on the environment: Price or ideology? Evidence from Swiss referendums,10.1016/j.ecolecon.2007.12.026,Electricity ; Fossil fuels ; Paper,energy_tax_explicitly_carbon_or_fuel_based,-,statistical_association,Municipal yes-vote share
Self-assessed climate-policy knowledge,Self-assessed climate-policy knowledge,knowledge_information_and_misperceptions,Self-rated knowledge of climate-policy design or details.,socioeconomic_control,1,Opinions of EU citizens about climate policy in their own words,,Perceived knowledge of climate policy,carbon_tax,-,statistical_association,Prevalence of mentioning the carbon taxation topic (T11) in open-ended responses.
Skeptical/denialist image association,Skeptical/denialist image association,knowledge_information_and_misperceptions,Association of the issue with skepticism or denial.,substantive_mechanism,1,"Climate Change Risk Perception and Policy Preferences: The Role of Affect, Imagery, and Values",10.1007/s10584-006-9059-9,Naysayers,gasoline_tax,-,statistical_association,Tax policy preferences index
Suspicion of tax pretext,Suspicion of tax pretext,trust_and_institutions,Belief that the tax is a hidden device to raise revenue.,substantive_mechanism,1,"French Attitudes on Climate Change, Carbon Taxation and other Climate Policies",,pretext to increase taxes,carbon_tax_with_revenue_recycling,-,descriptive_evidence,Approval of Tax & Dividend (carbon tax acceptance)
Targeted transfer for petroleum-constrained households increases acceptance,Targeted transfer for petroleum-constrained households increases acceptance,revenue_recycling,Using carbon tax revenue for a lump-sum transfer targeted to households constrained in petroleum consumption is more acceptable than flat transfers.,revenue_or_recycling_design,1,"French Attitudes on Climate Change, Carbon Taxation and other Climate Policies",,targeted ... constrained with respect to their consumption of petroleum products (fifth with 55% approval),carbon_tax_with_revenue_recycling,+,descriptive_evidence,Approval of carbon tax revenue recycling to transfers
Trust in fossil-fuel industry,Trust in fossil-fuel industry,trust_and_institutions,Confidence in the fossil-fuel industry as a source or actor.,substantive_mechanism,1,Exploring Citizen Support for Different Types of Climate Policy,10.1016/j.ecolecon.2017.02.027,Fossil fuel industry,carbon_tax,-,statistical_association,Support/opposition to the carbon tax
Trust in government/politicians increases carbon-tax support,Trust in government/politicians increases carbon-tax support,trust_and_institutions,Higher trust in government and politicians increases public support for carbon taxation.,substantive_mechanism,1,What explains public support for climate policies? A review of empirical and experimental studies,10.1080/14693062.2015.1058240,"policy support requires trust in government and politicians, as exemplified by the case of carbon taxation in Sweden and Norway",carbon_tax,+,review_conclusion,Carbon tax policy support
Trust in industry reduces carbon/fuel tax support,Trust in industry reduces carbon/fuel tax support,trust_and_institutions,Lower trust in industry is associated with reduced policy support for climate taxation (including carbon-tax contexts).,substantive_mechanism,1,What explains public support for climate policies? A review of empirical and experimental studies,10.1080/14693062.2015.1058240,trust in environmental scientists and environmental organizations... trust in industry negatively associated with greater policy support,carbon_tax,-,review_conclusion,Policy support for tax-based climate mitigation
Uncertain or unspecified response,Uncertain or unspecified response,knowledge_information_and_misperceptions,Uncertainty or lack of a substantive response.,substantive_mechanism,1,"Climate Change Risk Perception and Policy Preferences: The Role of Affect, Imagery, and Values",10.1007/s10584-006-9059-9,Don’t know,gasoline_tax,-,statistical_association,Tax policy preferences index
concern_about_unemployment,concern_about_unemployment,economic_self_interest_or_cost_exposure,Expressed concern about unemployment.,substantive_mechanism,1,The public acceptance of green taxes: 2 million voters express their opinion,,"Concern with unemployment (1 = at least some, 0 = no or little concern)",carbon_tax_with_revenue_recycling,-,statistical_association,approval of the green tax reform
earmarked_subsidies_for_renewables_and_conservation,earmarked_subsidies_for_renewables_and_conservation,revenue_recycling,Revenue earmarking to renewable-energy and energy-conservation subsidies rather than payroll-based refunds.,revenue_or_recycling_design,1,The public acceptance of green taxes: 2 million voters express their opinion,,Mode of revenue recycling / subsidies for renewable energy and energy conservation,carbon_tax_with_revenue_recycling,mixed,statistical_association,approval of the energy conservation package / solar initiative
earmarking_revenue_for_environmental_projects,earmarking_revenue_for_environmental_projects,revenue_recycling,Using carbon-tax revenue for environmental projects such as renewables or climate programs.,revenue_or_recycling_design,1,Perceived fairness and public acceptability of carbon pricing: A review of the literature,10.1080/14693062.2019.1639490,Environmental projects,carbon_tax_with_revenue_recycling,mixed,review_conclusion,acceptability/support of carbon tax
economic anticipation,economic anticipation,economic_self_interest_or_cost_exposure,Expectation about local economic growth or future economic conditions measured at T1. ; Expectation about local economic growth or future economic conditions measured at T2.,substantive_mechanism,1,How to win public support for financial climate policies: both climate anxiety and economic anticipation work,10.1080/17565529.2023.2266420,Economic anticipationT1 ; Economic anticipationT2,carbon_tax,+ ; mixed,statistical_association,CT support
fatalistic worldview,fatalistic worldview,ideology_partisanship_and_values,Belief that outcomes are uncertain and personal control is limited.,substantive_mechanism,1,"Climate Change Risk Perception and Policy Preferences: The Role of Affect, Imagery, and Values",10.1007/s10584-006-9059-9,Fatalism,gasoline_tax,-,statistical_association,Tax policy preferences index
hierarchist authority orientation,hierarchist authority orientation,ideology_partisanship_and_values,Agreement that families should be organized around strong authority.,substantive_mechanism,1,"Climate Change Risk Perception and Policy Preferences: The Role of Affect, Imagery, and Values",10.1007/s10584-006-9059-9,Families need a strong authority figure. (H),gasoline_tax,-,statistical_association,Tax policy preferences index
hierarchist command-and-control orientation,hierarchist command-and-control orientation,ideology_partisanship_and_values,Agreement that organizations require strict hierarchy to function well.,substantive_mechanism,1,"Climate Change Risk Perception and Policy Preferences: The Role of Affect, Imagery, and Values",10.1007/s10584-006-9059-9,Organizations need a strict line of command to be successful. (H),gasoline_tax,-,statistical_association,Tax policy preferences index
individualist self-reliance/merit view,individualist self-reliance/merit view,ideology_partisanship_and_values,Agreement that people should keep rewards from their own effort.,substantive_mechanism,1,"Climate Change Risk Perception and Policy Preferences: The Role of Affect, Imagery, and Values",10.1007/s10584-006-9059-9,"If a person has the get-up-and-go to acquire wealth, that person should have the right to enjoy it. (I)",gasoline_tax,-,statistical_association,Tax policy preferences index
lump-sum redistribution / social cushioning,lump-sum redistribution / social cushioning,fairness_and_distribution,Returning revenues evenly or targeting low-income households increases support.,revenue_or_recycling_design,1,Overcoming public resistance to carbon taxes,10.1002/wcc.531,lump-sum transfers,carbon_tax_with_revenue_recycling,+,review_conclusion,support for carbon tax revenue recycling design
lump_sum_transfers,lump_sum_transfers,fairness_and_distribution,Use of carbon tax revenues for lump-sum transfers to households.,revenue_or_recycling_design,1,Green Taxes in a Post-Paris World: Are Millions of Nays Inevitable?,10.1007/s10640-017-0133-8,Lump-sum redistribution,carbon_tax_with_revenue_recycling,+,experimental_treatment_effect,Acceptability of proposed carbon-tax designs in the choice experiment.
negative affect about global warming,negative affect about global warming,emotions_and_affect,Overall negative feelings toward global warming.,substantive_mechanism,1,"Climate Change Risk Perception and Policy Preferences: The Role of Affect, Imagery, and Values",10.1007/s10584-006-9059-9,Holistic negative affect,gasoline_tax,+,statistical_association,Tax policy preferences index
older_age_60plus,older_age_60plus,demographics_and_socioeconomic_status,Voter aged 60 or older.,substantive_mechanism,1,The public acceptance of green taxes: 2 million voters express their opinion,,"Elderly (1 = 60+ yrs, 0 = 18–59)",energy_tax_explicitly_carbon_or_fuel_based,-,statistical_association,approval of the energy-tax proposals
overall_perceived_fairness,overall_perceived_fairness,fairness_and_distribution,Overall judgment that the carbon tax is fair after weighing its impacts and design.,background_theoretical_concept,1,Perceived fairness and public acceptability of carbon pricing: A review of the literature,10.1080/14693062.2019.1639490,Overall fairness,carbon_tax,+,review_conclusion,acceptability/support of carbon tax
partisan leaning / vote choice (Biden vs Trump),partisan leaning / vote choice (Biden vs Trump),ideology_partisanship_and_values,Respondent’s political orientation or partisan vote choice.,political_control,1,Majority support for global redistributive and climate policies,10.1038/s41562-025-02175-9,political leaning,carbon_tax_with_revenue_recycling,+,statistical_association,Support for the GCS
perceived policy effectiveness,perceived policy effectiveness,perceived_effectiveness,Belief that climate policies effectively reduce emissions.,substantive_mechanism,1,Majority support for global redistributive and climate policies,10.1038/s41562-025-02175-9,perceptions that climate policies are effective at reducing emissions,carbon_tax_with_revenue_recycling,+,statistical_association,Support for the GCS
perceived_effectiveness_of_climate_tax_or_law,perceived_effectiveness_of_climate_tax_or_law,perceived_effectiveness,Belief that the climate change tax/law will fulfil its aim (especially mitigating climate change).,policy_design_feature,1,Meta-analyses of fifteen determinants of public opinion about climate change taxes and laws,https://doi.org/10.1038/s41558-022-01297-6,Effectiveness,unclear_tax_instrument,+,meta_analytic_estimate,Public opinion/acceptability toward climate change taxes and laws
perceived_sectoral_exemptions_as_unfair,perceived_sectoral_exemptions_as_unfair,fairness_and_distribution,Perception that some sectors are unfairly exempted or favored.,policy_design_feature,1,Perceived fairness and public acceptability of carbon pricing: A review of the literature,10.1080/14693062.2019.1639490,Exemptions and privileges given to some sectors,carbon_tax,-,review_conclusion,acceptability/support of carbon tax
perceived_unemployment_rate,perceived_unemployment_rate,economic_self_interest_or_cost_exposure,Respondent’s perceived national unemployment rate.,substantive_mechanism,1,Understanding Public Acceptability of Climate Policies in Europe,,Perceived unemployment,carbon_tax,-,statistical_association,Carbon tax support
preference_for_regulation_over_market_competition,preference_for_regulation_over_market_competition,ideology_partisanship_and_values,Preference for government intervention/regulation over competition.,substantive_mechanism,1,The public acceptance of green taxes: 2 million voters express their opinion,,"Priority government intervention vs. competition (1 = competition, 0 = regulation)",energy_tax_explicitly_carbon_or_fuel_based,+,statistical_association,approval of the energy-tax proposals
regressive_distributional_concerns,regressive_distributional_concerns,fairness_and_distribution,"Agreement that the energy-tax proposal would have regressive distributional impacts, burdening lower-income households more.",substantive_mechanism,1,Green Taxes in a Post-Paris World: Are Millions of Nays Inevitable?,10.1007/s10640-017-0133-8,Regressive effects,energy_tax_explicitly_carbon_or_fuel_based,-,statistical_association,Yes-vote on the initiative (probit among ballot participants).
targeted_compensation_to_vulnerable_groups,targeted_compensation_to_vulnerable_groups,revenue_recycling,Returning revenue to low-income households or other vulnerable groups.,revenue_or_recycling_design,1,Perceived fairness and public acceptability of carbon pricing: A review of the literature,10.1080/14693062.2019.1639490,"Redistributing revenue to vulnerable groups (low income households, elderly)",carbon_tax_with_revenue_recycling,+,review_conclusion,acceptability/support of carbon tax
urban_residence_large_municipality,urban_residence_large_municipality,geography_and_contextual_exposure,"Residence in a municipality with 50,000+ inhabitants.",substantive_mechanism,1,The public acceptance of green taxes: 2 million voters express their opinion,,"Municipality size (1 = 50K+ inh., 0 = less than 50K)",energy_tax_explicitly_carbon_or_fuel_based,+,statistical_association,approval of the energy-tax proposals
