paper_id,title,authors,doi,publication_year,publication_date,journal_or_source,paper_type,geographic_scope,empirical_scope_or_sample,tax_instruments_analyzed,exact_tax_terms_used,carbon_tax_relevance_summary,n_tax_determinants,n_main_tax_determinants,determinants
algan_et_al_-_emotions_and_policy_views,Emotions and Policy Views,Yann Algan; Eva Davoine; Thomas Renault; Stefanie Stantcheva,,2026.0,2026-05-11,,survey_experiment,United States,"Two online survey experiments with nationally representative U.S. adults; climate-policy Survey B fielded Nov–Dec 2024 with roughly 5,000–6,000 respondents after quality screens.",carbon_tax_with_revenue_recycling; progressive_carbon_tax,carbon tax with cash transfers; progressive carbon tax,"Survey B describes a hypothetical U.S. carbon tax with cash transfers that raises gasoline prices by $0.40/gal and rebates revenues as $600/year per adult, plus a progressive carbon tax on high-income households, and studies how emotional treatments and covariates affect support.",12,12,Anger treatment branch (+) [carbon_tax_with_revenue_recycling; role=experimental_treatment; main=yes_main_result] ; Fear treatment branch (n.a.) [carbon_tax_with_revenue_recycling; role=experimental_treatment; main=yes_secondary_result] ; Positive emotion treatment branch (-) [carbon_tax_with_revenue_recycling; role=experimental_treatment; main=yes_secondary_result] ; Trump (-) [carbon_tax_with_revenue_recycling; role=political_control; main=yes_main_result] ; Gender: Female (-) [carbon_tax_with_revenue_recycling; role=demographic_control; main=yes_secondary_result] ; Age: 50-69 years old (-) [carbon_tax_with_revenue_recycling; role=demographic_control; main=yes_secondary_result] ; Anger treatment branch (+) [progressive_carbon_tax; role=experimental_treatment; main=yes_main_result] ; Fear treatment branch (n.a.) [progressive_carbon_tax; role=experimental_treatment; main=yes_secondary_result] ; Trump (-) [progressive_carbon_tax; role=political_control; main=yes_main_result] ; Gender: Female (-) [progressive_carbon_tax; role=demographic_control; main=yes_secondary_result] ; Age: 30-49 years old (-) [progressive_carbon_tax; role=demographic_control; main=yes_secondary_result] ; Age: 50-69 years old (-) [progressive_carbon_tax; role=demographic_control; main=yes_secondary_result]
andre_et_al_-_2024_-_globally_representative_evidence_on_the_actual_and_perceived_support,Globally representative evidence on the actual and perceived support for climate action,Peter Andre; Teodora Boneva; Felix Chopra; Armin Falk,10.1038/s41558-024-01925-3,2024.0,2024-02-09,Nature Climate Change,empirical_survey,Global (125 countries); carbon-tax validation evidence from United States only,"129,902 individuals aged 15+ from 125 countries in Gallup World Poll 2021/2022; separate US online survey of about 2,000 respondents used for validation analyses including carbon-tax support.",carbon_tax,a carbon tax on fossil fuels,The main globally representative survey measures general climate-action preferences. A separate representative US online survey shows that general demand for more climate action correlates with support for a carbon tax on fossil fuels.,1,1,demand for more political action (+) [carbon_tax; role=substantive_mechanism; main=yes_secondary_result]
baranzini_et_al_-_2017_-_carbon_pricing_in_climate_policy_seven_reasons_complementary_inst,"Carbon pricing in climate policy: seven reasons, complementary instruments, and political economy considerations",Andrea Baranzini; Jeroen C. J. M. van den Bergh; Stefano Carattini; Richard B. Howarth; Emilio Padilla; Jordi Roca,10.1002/wcc.462,2017.0,,WIREs Climate Change,narrative_review,"Global review, with specific examples from Switzerland, British Columbia, and other countries","Narrative review of theoretical and empirical work on carbon pricing, including studies of carbon and energy taxes and their public acceptability.",carbon_tax; energy_tax_explicitly_carbon_or_fuel_based; carbon_tax_with_revenue_recycling,carbon taxes; carbon tax; energy tax; progressive energy tax; carbon tax revenues,"Narrative review of carbon pricing that highlights carbon and energy taxes, examining their distributional impacts, lobbying, revenue recycling options, and how these design features and political-economy factors influence public and voter acceptability.",6,6,designs that protect low-income households (+) [carbon_tax_with_revenue_recycling; role=policy_design_feature; main=yes_main_result] ; Concern about income inequality [in Swiss 2015 energy tax ballot] (-) [energy_tax_explicitly_carbon_or_fuel_based; role=substantive_mechanism; main=yes_main_result] ; progressive energy tax (+) [energy_tax_explicitly_carbon_or_fuel_based; role=policy_design_feature; main=yes_main_result] ; information on its distributional properties are made salient (+) [energy_tax_explicitly_carbon_or_fuel_based; role=experimental_treatment; main=yes_main_result] ; earmarking carbon tax revenues ... for environmental projects or other issues (+) [carbon_tax_with_revenue_recycling; role=revenue_or_recycling_design; main=yes_main_result] ; importance of environmental organizations in successfully spreading support for British Columbia’s carbon tax (+) [carbon_tax; role=substantive_mechanism; main=yes_secondary_result]
barrez_-_2024_-_public_acceptability_of_carbon_pricing_unravelling_the_impact_of_revenue_r,Public acceptability of carbon pricing: Unravelling the impact of revenue recycling,Jeroen Barrez,,2024.0,,,systematic_review,"Multi-country systematic review (studies mainly from Europe, North America, plus selected countries in Asia, Latin America, Africa and Oceania)","Systematic PRISMA review of 48 empirical studies (surveys, experiments, qualitative work) on public attitudes to carbon and fuel taxation, 2004–March 2023.",carbon_tax; fuel_tax; gasoline_tax; energy_tax_explicitly_carbon_or_fuel_based; carbon_tax_with_revenue_recycling,carbon tax; carbon taxation; fuel taxes; gasoline taxation; fuel taxation; environmental tax reform,"Synthesizes how different revenue recycling designs and related factors (fairness, effectiveness, trust, information, experience) shape public acceptability, support and willingness to pay for carbon and fuel taxes across 48 empirical studies.",19,19,"environmental earmarking (+) [carbon_tax_with_revenue_recycling; role=revenue_or_recycling_design; main=yes_main_result] ; Subsidies to low-carbon technologies and energy efficiency (+) [carbon_tax_with_revenue_recycling; role=revenue_or_recycling_design; main=yes_main_result] ; Environmental infrastructure (+) [carbon_tax_with_revenue_recycling; role=revenue_or_recycling_design; main=yes_main_result] ; Climate change adaptation (+) [carbon_tax_with_revenue_recycling; role=revenue_or_recycling_design; main=yes_secondary_result] ; Funding research and technical innovation (mixed) [carbon_tax_with_revenue_recycling; role=revenue_or_recycling_design; main=yes_secondary_result] ; Social cushioning (mixed) [carbon_tax_with_revenue_recycling; role=revenue_or_recycling_design; main=yes_main_result] ; Lump-sum transfers (i.e. fee-and-dividend policies) (mixed) [carbon_tax_with_revenue_recycling; role=revenue_or_recycling_design; main=yes_main_result] ; Tax rebates to economic sectors (mixed) [carbon_tax_with_revenue_recycling; role=revenue_or_recycling_design; main=yes_secondary_result] ; Reducing indirect taxes, such as VAT (mixed) [carbon_tax_with_revenue_recycling; role=revenue_or_recycling_design; main=yes_main_result] ; Reducing labour taxes (including personal income taxes and social contributions) (mixed) [carbon_tax_with_revenue_recycling; role=revenue_or_recycling_design; main=yes_main_result] ; Reducing corporate taxes (-) [carbon_tax_with_revenue_recycling; role=revenue_or_recycling_design; main=yes_main_result] ; reducing public debt / deficit reduction (mixed) [carbon_tax_with_revenue_recycling; role=revenue_or_recycling_design; main=yes_secondary_result] ; supplementing the government budget / general budget (-) [carbon_tax_with_revenue_recycling; role=revenue_or_recycling_design; main=yes_main_result] ; perceived fairness… with a specific emphasis on distributional fairness (+) [carbon_tax; role=substantive_mechanism; main=yes_main_result] ; Carbon pricing policies can be regressive… (-) [carbon_tax; role=substantive_mechanism; main=yes_secondary_result] ; perceived environmental effectiveness (+) [carbon_tax; role=substantive_mechanism; main=yes_secondary_result] ; Political trust emerges as an important factor (+) [carbon_tax; role=substantive_mechanism; main=yes_main_result] ; salience and communication of revenue recycling (+) [carbon_tax; role=substantive_mechanism; main=yes_main_result] ; The carbon tax in British Columbia became acceptable over time (+) [carbon_tax; role=substantive_mechanism; main=yes_secondary_result]"
bergquist_et_al_-_2022_-_meta-analyses_of_fifteen_determinants_of_public_opinion_about_cli,Meta-analyses of fifteen determinants of public opinion about climate change taxes and laws,Magnus Bergquist; Andreas Nilsson; Niklas Harring; Sverker C. Jagers,https://doi.org/10.1038/s41558-022-01297-6,2022.0,2022-03-07,Nature Climate Change,meta_analysis,"33 countries (Africa, Asia, Europe, North America, Oceania)","89 eligible datasets from 51 articles; N=119,465 participants",carbon_tax; fuel_tax,fuel taxation; carbon taxes; fuel tax*; carbon tax*; CO2-tax; carbon dioxide tax; greenhouse gas tax,"Meta-analysis of determinants of public acceptability/support toward climate-change taxes and laws, explicitly including tax instruments such as carbon taxes and fuel taxation.",15,15,Fairness (+) [unclear_tax_instrument; role=policy_design_feature; main=yes_main_result] ; Effectiveness (+) [unclear_tax_instrument; role=policy_design_feature; main=yes_main_result] ; Climate change concern (+) [unclear_tax_instrument; role=substantive_mechanism; main=yes_main_result] ; Climate change risk perception (+) [unclear_tax_instrument; role=substantive_mechanism; main=yes_main_result] ; Climate change seriousness (+) [unclear_tax_instrument; role=substantive_mechanism; main=yes_main_result] ; Climate change belief (+) [unclear_tax_instrument; role=substantive_mechanism; main=yes_main_result] ; Climate change knowledge (+) [unclear_tax_instrument; role=substantive_mechanism; main=yes_main_result] ; Self-transcendent values (+) [unclear_tax_instrument; role=substantive_mechanism; main=yes_main_result] ; Self-enhancement values (-) [unclear_tax_instrument; role=substantive_mechanism; main=yes_main_result] ; Trust (+) [unclear_tax_instrument; role=substantive_mechanism; main=yes_main_result] ; Ideology (left–right) (-) [unclear_tax_instrument; role=political_control; main=yes_main_result] ; Education (+) [unclear_tax_instrument; role=socioeconomic_control; main=yes_secondary_result] ; Age (-) [unclear_tax_instrument; role=demographic_control; main=yes_secondary_result] ; Income (+) [unclear_tax_instrument; role=socioeconomic_control; main=yes_secondary_result] ; Gender (male–female) (n.a.) [unclear_tax_instrument; role=demographic_control; main=yes_secondary_result]
bornstein_et_lanz_-_2008_-_voting_on_the_environment_price_or_ideology_evidence_from_swiss,Voting on the environment: Price or ideology? Evidence from Swiss referendums,Nicholas Bornstein; Bruno Lanz,10.1016/j.ecolecon.2007.12.026,2008.0,,Ecological Economics,referendum_or_voting_analysis,Switzerland,"2,826 Swiss communes; municipal-level approval rates for three 2000 federal referendums.",energy_tax_explicitly_carbon_or_fuel_based; carbon_tax_with_revenue_recycling,solar initiative; energy conservation package; green tax reform; tax on fossil and nuclear energy; tax on non-renewable energy,"Uses municipal referendum returns to study support for three Swiss 2000 taxes on fossil/non-renewable energy, including one proposal with revenue recycling through lower social security contributions.",14,14,Left-green (+) [energy_tax_explicitly_carbon_or_fuel_based; role=political_control; main=yes_main_result] ; Env. behavior (+) [energy_tax_explicitly_carbon_or_fuel_based; role=substantive_mechanism; main=yes_main_result] ; Young (-) [energy_tax_explicitly_carbon_or_fuel_based; role=demographic_control; main=yes_main_result] ; Elderly (-) [energy_tax_explicitly_carbon_or_fuel_based; role=demographic_control; main=yes_main_result] ; Education (+) [energy_tax_explicitly_carbon_or_fuel_based; role=socioeconomic_control; main=yes_main_result] ; Car commuter (-) [energy_tax_explicitly_carbon_or_fuel_based; role=socioeconomic_control; main=yes_main_result] ; Income / Income2 (mixed) [energy_tax_explicitly_carbon_or_fuel_based; role=socioeconomic_control; main=yes_main_result] ; Gender (mixed) [energy_tax_explicitly_carbon_or_fuel_based; role=demographic_control; main=yes_secondary_result] ; French (mixed) [energy_tax_explicitly_carbon_or_fuel_based; role=country_context; main=yes_secondary_result] ; Urbanity (mixed) [energy_tax_explicitly_carbon_or_fuel_based; role=country_context; main=yes_secondary_result] ; Graubünden (+) [energy_tax_explicitly_carbon_or_fuel_based; role=country_context; main=yes_secondary_result] ; Fossil fuels (-) [energy_tax_explicitly_carbon_or_fuel_based; role=substantive_mechanism; main=yes_main_result] ; Electricity (-) [energy_tax_explicitly_carbon_or_fuel_based; role=substantive_mechanism; main=yes_main_result] ; Paper (-) [energy_tax_explicitly_carbon_or_fuel_based; role=substantive_mechanism; main=yes_main_result]
bouman_et_al_-_2020_-_when_worry_about_climate_change_leads_to_climate_action_how_values_w,"When worry about climate change leads to climate action: How values, worry and personal responsibility relate to various climate actions",Thijs Bouman; Mark Verschoor; Casper J. Albers; Gisela Böhm; Stephen D. Fisher; Wouter Poortinga; Lorraine Whitmarsh; Linda Steg,10.1016/j.gloenvcha.2020.102061,2020.0,,Global Environmental Change,observational_empirical_analysis,22 European countries plus Israel (23 countries),"European Social Survey Round 8 climate change and energy module; N=44,387 respondents",fossil_fuel_tax,"increasing taxes on fossil fuels, such as oil, gas and coal","Uses ESS Round 8 to model determinants of support for increasing taxes on fossil fuels (oil, gas, coal) across 23 countries; psychological variables include biospheric values, climate worry, and personal responsibility.",3,3,Biospheric values (mixed) [fossil_fuel_tax; role=substantive_mechanism; main=yes_main_result] ; Worry about climate change (+) [fossil_fuel_tax; role=substantive_mechanism; main=yes_main_result] ; Feelings of personal responsibility to reduce climate change (+) [fossil_fuel_tax; role=substantive_mechanism; main=yes_main_result]
bretter_et_schulz_-_2025_-_public_support_for_climate_policies_and_its_ideological_predict,Public support for climate policies and its ideological predictors across countries of the Global North and Global South,Christian Bretter; Felix Schulz,10.1016/j.ecolecon.2025.108603,2025.0,2025-03-18,Ecological Economics,empirical_survey,"Global North: Germany, UK, USA; Global South: Brazil, China, South Africa","Online representative samples (quotas for age, gender, income); N=11,964 across six countries; no exclusions reported.",carbon_tax,carbon border tax,"Measures support for a “taxes” policy instrument composite including a carbon-emissions–based carbon border tax on imports, and estimates predictors of that support across six Global North/South countries.",9,9,biospheric values (+) [carbon_tax; role=substantive_mechanism; main=yes_main_result] ; individualistic worldviews (-) [carbon_tax; role=substantive_mechanism; main=yes_main_result] ; trust in public institutions (+) [carbon_tax; role=substantive_mechanism; main=yes_main_result] ; self-reported climate change knowledge (+) [carbon_tax; role=substantive_mechanism; main=yes_main_result] ; free-market beliefs (-) [carbon_tax; role=political_control; main=yes_main_result] ; aggregated region (Global North versus Global South) (+) [carbon_tax; role=country_context; main=yes_secondary_result] ; individualistic worldviews × aggregated region (-) [carbon_tax; role=country_context; main=yes_secondary_result] ; trust in public institutions × aggregated region (+) [carbon_tax; role=country_context; main=yes_secondary_result] ; biospheric values × aggregated region (n.a.) [carbon_tax; role=country_context; main=yes_secondary_result]
bugden_-_2022_-_denial_and_distrust_explaining_the_partisan_climate_gap,Denial and distrust: explaining the partisan climate gap,Dylan Bugden,10.1007/s10584-022-03321-2,2022.0,18 February 2022,Climatic Change,observational_empirical_analysis,United States,"Non-probability Prolific survey of self-identified Democrats/Republicans (n=1808), collected Mar 22–30, 2021.",carbon_tax,A carbon tax on energy companies and utilities that will raise the cost of using fossil fuels and incentivize use of renewable energy sources,"Respondents indicated support/oppose for an explicit carbon tax item; Kitagawa–Blinder–Oaxaca decompositions (Table 3, carbon-tax column) estimate how the Republicans–Democrats support gap is explained by trust in science, climate-science denial, and (smaller) trust in government.",3,3,Trust (science) (+) [carbon_tax; role=substantive_mechanism; main=yes_secondary_result] ; Climate denial (-) [carbon_tax; role=substantive_mechanism; main=yes_secondary_result] ; Trust (gov’t) (+) [carbon_tax; role=substantive_mechanism; main=yes_secondary_result]
carattini_et_al_-_2017_-_green_taxes_in_a_post-paris_world_are_millions_of_nays_inevitable,Green Taxes in a Post-Paris World: Are Millions of Nays Inevitable?,Stefano Carattini; Andrea Baranzini; Philippe Thalmann; Frédéric Varone; Frank Vöhringer,10.1007/s10640-017-0133-8,2017.0,2017-03-23,Environmental and Resource Economics,survey_experiment,Switzerland,VOX survey after Swiss 2015 energy-tax initiative ballot (N≈1500); plus choice experiment (N=1200) administered March-May 2015 on representative Swiss population.,energy_tax_explicitly_carbon_or_fuel_based; carbon_tax_with_revenue_recycling,energy tax; value-added tax (VAT); carbon tax (CHF/tCO2); lump-sum transfers; social cushioning; international carbon offsets,"Studies acceptability of a Swiss referendum on replacing VAT with an energy tax on non-renewable energy, and a full-information choice experiment for a carbon tax (CHF/tCO2) with alternative revenue recycling designs.",14,9,Competitiveness effects (-) [energy_tax_explicitly_carbon_or_fuel_based; role=substantive_mechanism; main=yes_main_result] ; Regressive effects (-) [energy_tax_explicitly_carbon_or_fuel_based; role=substantive_mechanism; main=yes_secondary_result] ; Environmental effectiveness (+) [energy_tax_explicitly_carbon_or_fuel_based; role=substantive_mechanism; main=yes_main_result] ; Revenue neutrality (+) [energy_tax_explicitly_carbon_or_fuel_based; role=substantive_mechanism; main=yes_main_result] ; Energy security (+) [energy_tax_explicitly_carbon_or_fuel_based; role=substantive_mechanism; main=yes_secondary_result] ; Number of cars in household (-) [energy_tax_explicitly_carbon_or_fuel_based; role=socioeconomic_control; main=no_control_or_methodological_only] ; Concern with public intervention (-) [energy_tax_explicitly_carbon_or_fuel_based; role=political_control; main=no_control_or_methodological_only] ; Green affinity (+) [energy_tax_explicitly_carbon_or_fuel_based; role=political_control; main=no_control_or_methodological_only] ; Tax rate (CHF/tCO2) (-) [carbon_tax_with_revenue_recycling; role=policy_design_feature; main=yes_main_result] ; Lump-sum redistribution (+) [carbon_tax_with_revenue_recycling; role=revenue_or_recycling_design; main=yes_main_result] ; Social cushioning (+) [carbon_tax_with_revenue_recycling; role=revenue_or_recycling_design; main=yes_main_result] ; Environmental recycling (-) [carbon_tax_with_revenue_recycling; role=revenue_or_recycling_design; main=yes_secondary_result] ; Decreasing tax base (-) [energy_tax_explicitly_carbon_or_fuel_based; role=substantive_mechanism; main=no_unsupported_or_unclear] ; VAT reduction (-) [carbon_tax_with_revenue_recycling; role=revenue_or_recycling_design; main=no_unsupported_or_unclear]
carattini_et_al_-_2019_-_how_to_win_public_support_for_a_global_carbon_tax,How to win public support for a global carbon tax,Stefano Carattini; Steffen Kallbekken; Anton Orlov,,2019.0,2019-01-17,Nature,survey_experiment,"Australia, India, South Africa, United Kingdom, United States (survey); global revenue-use designs","Online survey of 4,997 citizens (~1,000 per country), randomized to hypothetical carbon-tax designs; respondents report whether they would support if implemented in all other countries.",carbon_tax_with_revenue_recycling,global carbon tax; carbon tax; carbon taxes; fuel tax; petrol levy; climate dividends; per-capita dividend; income taxes,"Survey experiment shows public support depends strongly on revenue recycling: worldwide mitigation funding and domestic income-tax cuts/per-capita returns generate majority support across countries; global per-capita dividends are uneven, and fairness depends on whether benefits accrue to all countries.",14,7,"Funding mitigation projects worldwide received the highest support (65%), on average. (+) [carbon_tax_with_revenue_recycling; role=experimental_treatment; main=yes_main_result] ; These were: lowering income taxes ... (+) [carbon_tax_with_revenue_recycling; role=experimental_treatment; main=yes_main_result] ; redistributing revenues domestically to each citizen (+) [carbon_tax_with_revenue_recycling; role=experimental_treatment; main=yes_main_result] ; Sharing out funds per capita globally also appealed ... but not in the United States (44%). (mixed) [carbon_tax_with_revenue_recycling; role=experimental_treatment; main=yes_secondary_result] ; could succeed if its revenues were allocated to all countries. Transferring wealth from developed to only emerging countries might trigger opposition in the former (mixed) [carbon_tax_with_revenue_recycling; role=experimental_treatment; main=yes_secondary_result] ; A global system of harmonized carbon taxes, in which countries retain control over the revenues (mixed) [carbon_tax_with_revenue_recycling; role=policy_design_feature; main=yes_secondary_result] ; South Africans preferred the revenues to be shared as a dividend, because this would do more to relieve the economic burden of a carbon tax there (+) [carbon_tax_with_revenue_recycling; role=experimental_treatment; main=yes_secondary_result] ; calls to ‘axe the tax’ faded once residents received rebates on income tax (+) [carbon_tax_with_revenue_recycling; role=substantive_mechanism; main=no_unsupported_or_unclear] ; Macron’s fuel tax is seen as unfair ... revenues are not given back to citizens ... hits low-income and rural households hardest (-) [gasoline_tax; role=substantive_mechanism; main=no_unsupported_or_unclear] ; Most people underestimate the benefits of lower emissions and overestimate drawbacks such as job losses (-) [carbon_tax; role=substantive_mechanism; main=no_unsupported_or_unclear] ; Acceptance increases once the policy is enacted, so implementing a tax gradually is more successful (+) [carbon_tax; role=substantive_mechanism; main=no_unsupported_or_unclear] ; people tend to like ‘progressive’ policies under which costs are borne mainly by those most able to pay (+) [carbon_tax; role=substantive_mechanism; main=no_unsupported_or_unclear] ; carbon taxes do not swell government coffers, which appeals to the political right (+) [carbon_tax_with_revenue_recycling; role=substantive_mechanism; main=no_unsupported_or_unclear] ; The left is also interested because the average tax burden is unchanged and low-income households are better off (+) [carbon_tax_with_revenue_recycling; role=substantive_mechanism; main=no_unsupported_or_unclear]"
carson_et_al_-_2025_-_the_publics_views_on_climate_policies_in_seven_large_global_south_co,The public’s views on climate policies in seven large global south countries,Richard T. Carson; Jiajun Lu; Emily A. Khossravi; Gunnar Köhlin; Erik Sterner; Thomas Sterner; Dale Whittington,10.1038/s41558-025-02389-9,2025.0,2025-08-22,Nature Climate Change,empirical_survey,"Chile, Colombia, India, Kenya, Nigeria, South Africa, Vietnam","YouGov online survey, n=8,400 adults (about 1,200 per country) collected April–May 2023 (internet-enabled samples).",carbon_tax_with_revenue_recycling,carbon tax revenue; revenues from carbon taxes,"Best–worst preferences over earmarks for carbon tax revenue (health/education, solar and clean R&D, targeted vs uniform rebates, roads, and deficit reduction).",7,7,Spend on education and health (+) [carbon_tax_with_revenue_recycling; role=revenue_or_recycling_design; main=yes_main_result] ; Invest in clean R&D (+) [carbon_tax_with_revenue_recycling; role=revenue_or_recycling_design; main=yes_main_result] ; Subsidize solar panels (+) [carbon_tax_with_revenue_recycling; role=revenue_or_recycling_design; main=yes_main_result] ; Return to poor (+) [carbon_tax_with_revenue_recycling; role=revenue_or_recycling_design; main=yes_main_result] ; Return in equal shares (-) [carbon_tax_with_revenue_recycling; role=revenue_or_recycling_design; main=yes_main_result] ; Reduced government deficit (mixed) [carbon_tax_with_revenue_recycling; role=revenue_or_recycling_design; main=yes_main_result] ; Invest in roads (+) [carbon_tax_with_revenue_recycling; role=revenue_or_recycling_design; main=yes_main_result]
dechezlepretre_-_fighting_climate_change_international_attitudes_toward_climate_policies,Fighting Climate Change: International Attitudes toward Climate Policies,"Antoine Dechezleprêtre, Adrien Fabre, Tobias Kruse, Bluebery Planterose, Ana Sanchez Chico, Stefanie Stantcheva",https://doi.org/10.1257/aer.20230501,2025.0,,American Economic Review,survey_experiment,"20 countries: Australia, Brazil, Canada, China, Denmark, France, Germany, India, Indonesia, Italy, Japan, Mexico, Poland, South Africa, South Korea, Spain, Turkey, Ukraine, United Kingdom, United States","40,680 survey respondents across 20 countries",carbon_tax_with_revenue_recycling; progressive_carbon_tax; fossil_fuel_tax,carbon tax with cash transfers; carbon tax with progressive transfers; tax on fossil fuels ($45/t CO2),"Large cross-country survey experiment on acceptability of carbon taxes with cash transfers/progressive transfers and a fossil-fuel tax, plus information treatments affecting support.",15,15,"Believes the policy would reduce GHG emissions (+) [carbon_tax_with_revenue_recycling; role=substantive_mechanism; main=yes_main_result] ; Believes the policy would reduce air pollution (+) [carbon_tax_with_revenue_recycling; role=substantive_mechanism; main=yes_main_result] ; Believes the policy would have positive econ. effects (+) [carbon_tax_with_revenue_recycling; role=substantive_mechanism; main=yes_secondary_result] ; Believes low-income earners will lose (-) [carbon_tax_with_revenue_recycling; role=substantive_mechanism; main=yes_main_result] ; Believes own household would lose (-) [carbon_tax_with_revenue_recycling; role=substantive_mechanism; main=yes_main_result] ; Believes the policy is fair (+) [carbon_tax_with_revenue_recycling; role=substantive_mechanism; main=yes_main_result] ; cash transfers to the poorest households / cash transfers to constrained households (+) [progressive_carbon_tax; role=revenue_or_recycling_design; main=yes_main_result] ; fund environmental infrastructures, subsidize low-carbon technologies, or reduce income taxes (+) [carbon_tax_with_revenue_recycling; role=revenue_or_recycling_design; main=yes_main_result] ; equal cash transfers to all households (-) [carbon_tax_with_revenue_recycling; role=revenue_or_recycling_design; main=yes_main_result] ; reduction in corporate income taxes (-) [carbon_tax_with_revenue_recycling; role=revenue_or_recycling_design; main=yes_secondary_result] ; Car-dependent respondents are less supportive of taxes on fossil fuels and carbon taxes with cash transfers (-) [other_direct_carbon_or_fuel_tax; role=substantive_mechanism; main=yes_secondary_result] ; Climate policies treatment (+) [carbon_tax_with_revenue_recycling; role=experimental_treatment; main=yes_main_result] ; Both treatments (+) [carbon_tax_with_revenue_recycling; role=experimental_treatment; main=yes_main_result] ; Climate impacts treatment (n.a.) [carbon_tax_with_revenue_recycling; role=experimental_treatment; main=yes_secondary_result] ; Believes the high-income earners will lose (mixed) [carbon_tax_with_revenue_recycling; role=substantive_mechanism; main=yes_secondary_result]"
douenne_et_fabre_-_2020_-_french_attitudes_on_climate_change_carbon_taxation_and_other_cli,"French Attitudes on Climate Change, Carbon Taxation and other Climate Policies",Thomas Douenne; Adrien Fabre,,2020.0,,,empirical_survey,France,"Representative French survey of 3,002 respondents (Bilendi), Feb–Mar 2019.",carbon_tax_with_revenue_recycling; diesel_tax; fuel_tax,Tax & Dividend; carbon tax; diesel tax; tax on kerosene (aviation),Studies French approval of a proposed +50€/tCO2 carbon tax (“Tax & Dividend”: revenue returned lump-sum to adults) and explores acceptance/determinants for diesel and kerosene fuel taxes.,22,22,overestimation of its impact on one’s purchasing power (-) [carbon_tax_with_revenue_recycling; role=substantive_mechanism; main=yes_secondary_result] ; without mentioning the impact on prices (+) [carbon_tax_with_revenue_recycling; role=experimental_treatment; main=yes_secondary_result] ; penalize rural households (-) [carbon_tax_with_revenue_recycling; role=substantive_mechanism; main=yes_secondary_result] ; pretext to increase taxes (-) [carbon_tax_with_revenue_recycling; role=substantive_mechanism; main=yes_secondary_result] ; ineffective to reduce pollution (-) [carbon_tax_with_revenue_recycling; role=substantive_mechanism; main=yes_secondary_result] ; alternatives are insufficient or too expensive (-) [carbon_tax_with_revenue_recycling; role=substantive_mechanism; main=yes_secondary_result] ; investments in the energy transition (+) [carbon_tax_with_revenue_recycling; role=revenue_or_recycling_design; main=yes_secondary_result] ; targeted ... constrained with respect to their consumption of petroleum products (fifth with 55% approval) (+) [carbon_tax_with_revenue_recycling; role=revenue_or_recycling_design; main=yes_secondary_result] ; reduction in the VAT rate (61% approval) (+) [carbon_tax_with_revenue_recycling; role=revenue_or_recycling_design; main=yes_secondary_result] ; Knowledge about CC (+) [carbon_tax_with_revenue_recycling; role=substantive_mechanism; main=yes_main_result] ; CC is disastrous (+) [carbon_tax_with_revenue_recycling; role=substantive_mechanism; main=yes_secondary_result] ; Ecologist (+) [carbon_tax_with_revenue_recycling; role=political_control; main=yes_main_result] ; Yellow Vests: supports (-) [carbon_tax_with_revenue_recycling; role=political_control; main=yes_main_result] ; Age: ≥ 65 (-) [carbon_tax_with_revenue_recycling; role=demographic_control; main=yes_secondary_result] ; Sex: Male (-) [carbon_tax_with_revenue_recycling; role=demographic_control; main=yes_secondary_result] ; Size of town (1 to 5) (+) [carbon_tax_with_revenue_recycling; role=demographic_control; main=yes_secondary_result] ; own a diesel vehicle (-) [diesel_tax; role=socioeconomic_control; main=yes_main_result] ; 73% of rural households would be opposed (-) [diesel_tax; role=demographic_control; main=yes_main_result] ; broadly perceived effectiveness ... distributive effect ... richer people fly more (+) [fuel_tax; role=substantive_mechanism; main=yes_secondary_result] ; Interest in politics (0 to 2) (+) [carbon_tax_with_revenue_recycling; role=political_control; main=yes_secondary_result] ; Frequency of public transit (+) [carbon_tax_with_revenue_recycling; role=demographic_control; main=yes_secondary_result] ; penalize the poorest (sixth position with 29%) (-) [carbon_tax_with_revenue_recycling; role=substantive_mechanism; main=yes_secondary_result]
douenne_et_fabre_-_2022_-_yellow_vests_pessimistic_beliefs_and_carbon_tax_aversion,"Yellow Vests, Pessimistic Beliefs, and Carbon Tax Aversion",Thomas Douenne; Adrien Fabre,,2022.0,,,survey_experiment,France,"Representative survey of 3,002 French households (Feb–Mar 2019) plus official Insee household surveys to compute objective incidence and net gains.",carbon_tax_with_revenue_recycling; ticpe_like_excise_fuel_tax,carbon tax; tax & dividend; tax & targeted dividend; sectoral tax & dividend; Contribution Climat-Énergie,"Studies French support/opposition to a carbon tax whose revenues are redistributed via a tax-and-dividend (uniform and targeted) scheme in the Yellow Vests context, and shows causal effects of beliefs about personal incidence and environmental effectiveness on approval.",5,5,belief that one does not lose from it (win/lose category) (+) [carbon_tax_with_revenue_recycling; role=substantive_mechanism; main=yes_main_result] ; Believing that the tax is effective (environmental effectiveness) (+) [carbon_tax_with_revenue_recycling; role=substantive_mechanism; main=yes_main_result] ; Progressivity belief (benefit the poorest / not regressive) (+) [carbon_tax_with_revenue_recycling; role=substantive_mechanism; main=yes_secondary_result] ; WTP from subjective gain (subjective net purchasing-power change) (+) [carbon_tax_with_revenue_recycling; role=substantive_mechanism; main=yes_secondary_result] ; pessimistic bias about net gains (overestimate losses) (-) [carbon_tax_with_revenue_recycling; role=substantive_mechanism; main=yes_secondary_result]
drews_et_van_den_bergh_-_2016_-_what_explains_public_support_for_climate_policies_a_review,What explains public support for climate policies? A review of empirical and experimental studies,Stefan Drews & Jeroen C.J.M. van den Bergh,10.1080/14693062.2015.1058240,2016.0,2015-06-29,Climate Policy,narrative_review,"Mostly North America, Australia, and Europe","Review of 46 core Web of Science studies plus additional papers from citations; includes surveys, choice experiments, and other experiments on public support/WTP",carbon_tax; carbon_tax_with_revenue_recycling; co2_tax; fuel_tax; gasoline_tax; fossil_fuel_tax,carbon tax; CO2 taxation; fuel tax; gasoline taxation; gasoline (petrol) taxes; fossil fuel taxes; revenue-neutral carbon tax; carbon offset,"Synthesizes determinants of public acceptability/support for carbon/CO2 and fuel taxes, focusing on perceived effectiveness, costs, fairness, trust/norms, and design features like revenue earmarking/recycling and tax-label framing.",16,16,"people approved ... subsidies ... or expansion of public transportation. To a significantly lesser degree they supported two types of CO2 taxation (-) [co2_tax; role=policy_design_feature; main=yes_main_result] ; were more likely to support a fuel tax if they believed the tax was going to reduce driving and exert a positive effect on climate change (+) [fuel_tax; role=substantive_mechanism; main=yes_main_result] ; Perceived effectiveness best predicted people’s policy choices... more effective... than a carbon tax (+) [carbon_tax; role=substantive_mechanism; main=yes_main_result] ; overestimate the costs of taxes and underestimate the ‘hidden’ costs of alternative policies (-) [unclear_tax_instrument; role=substantive_mechanism; main=yes_main_result] ; distribution of costs is progressive... richer members... pay a larger share and potential revenues are redistributed (+) [carbon_tax_with_revenue_recycling; role=substantive_mechanism; main=yes_secondary_result] ; support for fairness principles ‘equality’ and ‘need’... strongly positive impact on tax support (+) [fuel_tax; role=substantive_mechanism; main=yes_main_result] ; WTP... decrease if general taxpayers are assigned great responsibility... increase if industry and energy users are targeted (-) [carbon_tax; role=substantive_mechanism; main=yes_secondary_result] ; acceptability of a carbon tax can vary between 68% and 48% depending on whether revenues are earmarked... or go directly to the general tax budget (+) [carbon_tax_with_revenue_recycling; role=revenue_or_recycling_design; main=yes_main_result] ; Revenue recycling... reducing VAT or income tax — increased policy support (+) [gasoline_tax; role=revenue_or_recycling_design; main=yes_main_result] ; support a rise in fossil fuel taxes if revenues are earmarked... whereas without earmarking... prefers a decrease (+) [fossil_fuel_tax; role=revenue_or_recycling_design; main=yes_main_result] ; policy support requires trust in government and politicians, as exemplified by the case of carbon taxation in Sweden and Norway (+) [carbon_tax; role=substantive_mechanism; main=yes_main_result] ; trust in environmental scientists and environmental organizations... trust in industry negatively associated with greater policy support (-) [carbon_tax; role=substantive_mechanism; main=yes_secondary_result] ; support for a carbon tax falls when people receive information that only a minority of other citizens support the proposed tax (+) [carbon_tax; role=substantive_mechanism; main=yes_main_result] ; a majority of participants favoured a carbon tax after deliberation (+) [carbon_tax; role=substantive_mechanism; main=yes_main_result] ; Republicans preferred to pay more... labelled as a carbon offset than... labelled as a carbon tax (no difference for Democrats) (mixed) [carbon_tax; role=policy_design_feature; main=yes_main_result] ; improved public transport can reduce some public opposition to gasoline (petrol) taxes (+) [gasoline_tax; role=policy_design_feature; main=yes_main_result]"
ewald_et_al_-_2022_-_understanding_the_resistance_to_carbon_taxes_drivers_and_barriers_amo,Understanding the resistance to carbon taxes: Drivers and barriers among the general public and fuel-tax protesters,"Jens Ewald, Thomas Sterner, Erik Sterner",10.1016/j.reseneeco.2022.101331,2022.0,2022-08-22,Resource and Energy Economics,empirical_survey,Sweden,Swedish national online panel and self-selected fuel-tax protest sample,carbon_tax; fuel_tax; gasoline_tax,carbon tax; carbon taxation; carbon taxes; petrol taxes; fuel taxes; fuel taxation,"Swedish survey compares the general public and fuel-tax protesters on carbon-tax effectiveness, fairness, and revenue-use preferences, identifying trust, ideology, residence, education, and Pigouvian beliefs as key correlates.",8,8,Protester (ref. National sample) (-) [carbon_tax; role=substantive_mechanism; main=yes_main_result] ; Education (+) [carbon_tax; role=demographic_control; main=yes_main_result] ; Income (n.a.) [carbon_tax; role=socioeconomic_control; main=yes_secondary_result] ; Residence (-) [carbon_tax; role=demographic_control; main=yes_main_result] ; Trust in government (-) [carbon_tax; role=substantive_mechanism; main=yes_main_result] ; Political orientation (+) [carbon_tax; role=political_control; main=yes_main_result] ; Political orientation (-) [carbon_tax; role=political_control; main=yes_main_result] ; Pigouvian principle (+) [carbon_tax; role=substantive_mechanism; main=yes_main_result]
fabre_et_al_-_2025_-_majority_support_for_global_redistributive_and_climate_policies,Majority support for global redistributive and climate policies,Adrien Fabre; Thomas Douenne; Linus Mattauch,10.1038/s41562-025-02175-9,2025.0,2025-06-05,Nature Human Behaviour,survey_experiment,"20-country global survey; western follow-up surveys in France, Germany, Spain, the UK and the USA","40,680 respondents in 20 countries; 8,000 respondents in the western surveys",carbon_tax_with_revenue_recycling,Global Climate Scheme (GCS); global tax on GHG financing a global basic income; global carbon tax,Measures support for a global greenhouse-gas/carbon tax paired with equal cash transfers (a global basic income) and compares it with a quota-based alternative.,5,5,political leaning (+) [carbon_tax_with_revenue_recycling; role=political_control; main=yes_secondary_result] ; trust in the government (+) [carbon_tax_with_revenue_recycling; role=substantive_mechanism; main=yes_secondary_result] ; perceptions that climate policies are effective at reducing emissions (+) [carbon_tax_with_revenue_recycling; role=substantive_mechanism; main=yes_secondary_result] ; perceptions that climate policies are in one’s self-interest (+) [carbon_tax_with_revenue_recycling; role=substantive_mechanism; main=yes_secondary_result] ; pros and cons (-) [carbon_tax_with_revenue_recycling; role=experimental_treatment; main=yes_secondary_result]
hammar_et_jagers_-_2007_-_what_is_a_fair_co2_tax_increase_on_fair_emission_reductions_in_t,What is a fair CO2 tax increase? On fair emission reductions in the transport sector,"Henrik Hammar, Sverker C. Jagers",10.1016/j.ecolecon.2006.03.004,2007.0,,Ecological Economics,empirical_survey,Sweden,Representative mail survey of Swedish adults aged 18–85; 932 observations used in estimations.,co2_tax,CO2 tax on gasoline and diesel; increased CO2 tax; Swedish CO2 tax,"Direct survey evidence on support for increasing Sweden's CO2 tax on gasoline and diesel, explained by fairness preferences and respondent characteristics.",10,10,Need principle considered fair (+) [co2_tax; role=substantive_mechanism; main=yes_main_result] ; Equality principle considered fair (+) [co2_tax; role=substantive_mechanism; main=yes_main_result] ; Equity considered fair (mixed) [co2_tax; role=substantive_mechanism; main=yes_main_result] ; ‘Fairness intensity’ high (+) [co2_tax; role=substantive_mechanism; main=yes_main_result] ; Frequent car user (-) [co2_tax; role=substantive_mechanism; main=yes_main_result] ; Age 18–29 years (-) [co2_tax; role=demographic_control; main=yes_secondary_result] ; Age 30–49 years (-) [co2_tax; role=demographic_control; main=yes_secondary_result] ; University studies (+) [co2_tax; role=socioeconomic_control; main=yes_secondary_result] ; Green Party sympathiser (+) [co2_tax; role=political_control; main=yes_secondary_result] ; Living in the countryside (-) [co2_tax; role=country_context; main=yes_secondary_result]
hornsey_et_al_-_2016_-_meta-analyses_of_the_determinants_and_outcomes_of_belief_in_climate,Meta-analyses of the determinants and outcomes of belief in climate change,"Matthew J. Hornsey, Emily A. Harris, Paul G. Bain, Kelly S. Fielding",10.1038/NCLIMATE2943,2016.0,,Nature Climate Change,meta_analysis,56 nations,25 polls and 171 academic studies,unclear_tax_instrument,carbon tax; cap and trade; support for carbon tax/cap and trade; price on carbon,"Meta-analysis includes a pooled outcome on support for carbon tax/cap-and-trade, making it relevant but not carbon-tax-only.",1,1,belief in climate change (+) [unclear_tax_instrument; role=substantive_mechanism; main=yes_main_result]
kallbekken_et_al_-_2013_-_determinants_of_public_support_for_transport_taxes,Determinants of public support for transport taxes,"Steffen Kallbekken, Jorge H. Garcia, Kristine Korneliussen",10.1016/j.tra.2013.10.004,2013.0,,Transportation Research Part A,empirical_survey,"Norway (Oslo, Bergen, Trondheim)","Online survey of adults living in or near Oslo, Bergen, and Trondheim; final sample N=751.",fuel_tax,fuel taxes; taxes on gasoline and diesel; increased fuel taxes; fuel tax,"Directly analyzes public support for fuel taxes on gasoline and diesel in Norway using referendum-style survey questions about maintaining, reducing, or increasing the tax.",8,8,Effectiveness environment (+) [fuel_tax; role=substantive_mechanism; main=yes_main_result] ; Distributional effect (-) [fuel_tax; role=substantive_mechanism; main=yes_main_result] ; Personal finance (-) [fuel_tax; role=substantive_mechanism; main=yes_main_result] ; Transport alternatives (+) [fuel_tax; role=substantive_mechanism; main=yes_main_result] ; Good governance (+) [fuel_tax; role=substantive_mechanism; main=yes_main_result] ; Concern driving (+) [fuel_tax; role=substantive_mechanism; main=yes_main_result] ; Female (-) [fuel_tax; role=demographic_control; main=yes_main_result] ; University degree (+) [fuel_tax; role=socioeconomic_control; main=yes_main_result]
leiserowitz_-_2006_-_climate_change_risk_perception_and_policy_preferences_the_role_of_aff,"Climate Change Risk Perception and Policy Preferences: The Role of Affect, Imagery, and Values",Anthony Leiserowitz,10.1007/s10584-006-9059-9,2006.0,,Climatic Change,empirical_survey,United States,National representative mail survey of U.S. adults; tax models use subsamples of roughly 392-413 respondents.,gasoline_tax; energy_tax_explicitly_carbon_or_fuel_based; other_direct_carbon_or_fuel_tax,60-cent per gallon gasoline tax; business energy tax; gas guzzler tax; tax policy preferences index,"Directly measures support/opposition for a gasoline tax and a tax-policy index that includes a gasoline tax, gas-guzzler tax, and business energy tax.",14,14,"Holistic negative affect (+) [gasoline_tax; role=substantive_mechanism; main=yes_main_result] ; Naysayers (-) [gasoline_tax; role=substantive_mechanism; main=yes_main_result] ; Alarmists (+) [gasoline_tax; role=substantive_mechanism; main=yes_secondary_result] ; Climate change (-) [gasoline_tax; role=substantive_mechanism; main=yes_secondary_result] ; Politics (-) [gasoline_tax; role=substantive_mechanism; main=yes_secondary_result] ; Don’t know (-) [gasoline_tax; role=substantive_mechanism; main=yes_secondary_result] ; Egalitarianism (+) [gasoline_tax; role=substantive_mechanism; main=yes_main_result] ; Fatalism (-) [gasoline_tax; role=substantive_mechanism; main=yes_secondary_result] ; If a person has the get-up-and-go to acquire wealth, that person should have the right to enjoy it. (I) (-) [gasoline_tax; role=substantive_mechanism; main=yes_main_result] ; Families need a strong authority figure. (H) (-) [gasoline_tax; role=substantive_mechanism; main=yes_secondary_result] ; Organizations need a strict line of command to be successful. (H) (-) [gasoline_tax; role=substantive_mechanism; main=yes_main_result] ; Political Ideology (-) [gasoline_tax; role=political_control; main=yes_main_result] ; Education (+) [gasoline_tax; role=demographic_control; main=yes_main_result] ; White (-) [gasoline_tax; role=demographic_control; main=yes_main_result]"
li_et_al_-_2024_-_how_to_win_public_support_for_financial_climate_policies_both_climate_an,How to win public support for financial climate policies: both climate anxiety and economic anticipation work,"Yang Li, Yuxuan Liang, Jianchi Tian, Yan Sun, Meijun Meng",10.1080/17565529.2023.2266420,2023.0,2023-11-14,Climate and Development,empirical_survey,China,Nationwide longitudinal survey; 2322 valid respondents in China,carbon_tax,carbon tax (CT),Directly analyzes public support for carbon tax in China and estimates determinants of CT support using longitudinal survey data.,7,7,Climate anxietyT1 (mixed) [carbon_tax; role=substantive_mechanism; main=yes_secondary_result] ; Climate anxietyT2 (+) [carbon_tax; role=substantive_mechanism; main=yes_main_result] ; Economic anticipationT1 (mixed) [carbon_tax; role=substantive_mechanism; main=yes_secondary_result] ; Economic anticipationT2 (+) [carbon_tax; role=substantive_mechanism; main=yes_main_result] ; Perceived climate benefit (+) [carbon_tax; role=substantive_mechanism; main=yes_main_result] ; Perceived personal benefit (+) [carbon_tax; role=substantive_mechanism; main=yes_main_result] ; Age (+) [carbon_tax; role=demographic_control; main=yes_secondary_result]
maestre-andres_et_al_-_2019_-_perceived_fairness_and_public_acceptability_of_carbon_pricin,Perceived fairness and public acceptability of carbon pricing: A review of the literature,"Sara Maestre-Andrés, Stefan Drews, Jeroen van den Bergh",10.1080/14693062.2019.1639490,2019.0,2019-07,Climate Policy,systematic_review,"Primarily North America, Europe, and Australia; a few studies from India and South Africa.","Review of 43 empirical studies on carbon taxes, ecological tax reform, and a few cap-and-trade studies.",carbon_tax; co2_tax; gasoline_tax; carbon_tax_with_revenue_recycling; energy_tax_explicitly_carbon_or_fuel_based,carbon tax; carbon taxes; CO2 tax; gasoline tax; fuel tax; environmental tax reform; carbon pricing revenues,"Systematic review of empirical evidence on fairness perceptions, acceptability, and revenue recycling for carbon taxes and related fuel taxes; tax-specific support effects are synthesized from primary studies.",20,20,"Higher energy prices and less purchasing power (-) [carbon_tax; role=substantive_mechanism; main=yes_main_result] ; Loss of jobs (-) [carbon_tax; role=substantive_mechanism; main=yes_main_result] ; Policy does not limit freedom of choice (+) [carbon_tax; role=substantive_mechanism; main=yes_main_result] ; Neutral cost distribution (all citizens pay the same share of income) (+) [carbon_tax; role=substantive_mechanism; main=yes_main_result] ; Regressive incidence (all citizens pay the same amount; effects on the poor) (-) [carbon_tax; role=substantive_mechanism; main=yes_main_result] ; Progressive incidence (higher-income citizens pay a larger share of income) (+) [carbon_tax; role=substantive_mechanism; main=yes_main_result] ; Exemptions and privileges given to some sectors (-) [carbon_tax; role=policy_design_feature; main=yes_main_result] ; Satisfaction with governmental information provision about the policy (+) [carbon_tax; role=substantive_mechanism; main=yes_main_result] ; Trust in government (+) [carbon_tax; role=substantive_mechanism; main=yes_main_result] ; Limited understanding of the policy (-) [carbon_tax; role=substantive_mechanism; main=yes_main_result] ; Overall fairness (+) [carbon_tax; role=background_theoretical_concept; main=yes_main_result] ; Environmental projects (mixed) [carbon_tax_with_revenue_recycling; role=revenue_or_recycling_design; main=yes_main_result] ; Funding technological innovation and energy efficiency (+) [carbon_tax_with_revenue_recycling; role=revenue_or_recycling_design; main=yes_main_result] ; Redistributing revenue to vulnerable groups (low income households, elderly) (+) [carbon_tax_with_revenue_recycling; role=revenue_or_recycling_design; main=yes_main_result] ; Equal share of revenue given to each taxpayer (+) [carbon_tax_with_revenue_recycling; role=revenue_or_recycling_design; main=yes_main_result] ; Environmental tax reform (reducing existing taxes) (mixed) [carbon_tax_with_revenue_recycling; role=revenue_or_recycling_design; main=yes_main_result] ; Tax rebate (mixed) [carbon_tax_with_revenue_recycling; role=revenue_or_recycling_design; main=yes_main_result] ; Funding public transportation (+) [carbon_tax_with_revenue_recycling; role=revenue_or_recycling_design; main=yes_main_result] ; Mitigate negative impacts of climate change (+) [carbon_tax_with_revenue_recycling; role=revenue_or_recycling_design; main=yes_main_result] ; General budget (-) [carbon_tax_with_revenue_recycling; role=revenue_or_recycling_design; main=yes_main_result]"
marcos_et_al_-_2023_-_carbon_tax_acceptance_in_a_polarized_society_bridging_the_partisan_d,Carbon tax acceptance in a polarized society: Bridging the partisan divide over climate policy in the US,"Aitor Marcos, José M. Barrutia, Patrick Hartmann",,2023.0,,,survey_experiment,United States,"Two Prolific online panels of US adults; Study 1 n=405 Democrats/Republicans, Study 2 n=300 balanced partisans.",carbon_tax; carbon_tax_with_revenue_recycling,carbon tax; carbon tax is a fair policy because it raises money that can be returned to taxpayers; carbon tax is a fair policy because it does not limit freedom of choice,"Survey experiments test partisan differences in carbon tax fairness perceptions and acceptance, including a revenue-recycling fairness frame.",2,2,Political orientation (+) [carbon_tax; role=political_control; main=yes_main_result] ; Distributional fairness framing (mixed) [carbon_tax_with_revenue_recycling; role=experimental_treatment; main=yes_main_result]
mohammadzadeh_valencia_et_al_-_2024_-_public_support_for_carbon_pricing_policies_and_reven,Public support for carbon pricing policies and revenue recycling options: a systematic review and meta-analysis of the survey literature,"Farah Mohammadzadeh Valencia, Cornelia Mohren, Anjali Ramakrishnan, Marlene Merchert, Jan C. Minx, Jan Christoph Steckel",10.1038/s44168-024-00153-x,2024.0,2024-09-07,npj Climate Action,meta_analysis,"26 countries across Africa, Asia and Pacific, Europe and West Asia, Latin America and the Caribbean, and North America","35 studies; 70 surveys; 113,356 respondents",carbon_tax_with_revenue_recycling; fossil_fuel_tax,carbon tax; fossil fuel taxes; fuel taxes; fossil fuel subsidy reform; gasoline,"Systematic review and meta-analysis of survey evidence on public support for carbon taxes and fuel taxes, especially how revenue recycling options affect acceptability.",10,10,"green spending (+) [carbon_tax_with_revenue_recycling; role=revenue_or_recycling_design; main=yes_main_result] ; targeted cash transfers (n.a.) [carbon_tax_with_revenue_recycling; role=revenue_or_recycling_design; main=yes_secondary_result] ; uniform cash transfers (n.a.) [carbon_tax_with_revenue_recycling; role=revenue_or_recycling_design; main=yes_secondary_result] ; tax cuts – income, labour, and consumption (n.a.) [carbon_tax_with_revenue_recycling; role=revenue_or_recycling_design; main=yes_secondary_result] ; corporate tax cuts (n.a.) [carbon_tax_with_revenue_recycling; role=revenue_or_recycling_design; main=yes_secondary_result] ; Carbon and environmental tax (n.a.) [carbon_tax; role=policy_design_feature; main=yes_secondary_result] ; Carbon pricing policy in place (n.a.) [carbon_tax; role=country_context; main=yes_secondary_result] ; Africa (+) [carbon_tax_with_revenue_recycling; role=country_context; main=yes_main_result] ; Asia and Pacific (+) [carbon_tax_with_revenue_recycling; role=country_context; main=yes_main_result] ; Latin America and Caribbean (+) [carbon_tax_with_revenue_recycling; role=country_context; main=yes_main_result]"
rhodes_et_al_-_2017_-_exploring_citizen_support_for_different_types_of_climate_policy,Exploring Citizen Support for Different Types of Climate Policy,"Ekaterina Rhodes, Jonn Axsen, Mark Jaccard",10.1016/j.ecolecon.2017.02.027,2017.0,,Ecological Economics,empirical_survey,Canada,Representative sample of Canadian citizens (n=1306),carbon_tax,"a carbon tax applying to all individuals and businesses; a tax on greenhouse gas emissions, such as carbon emissions from burning gasoline",Survey and logistic regressions estimate support/opposition for a hypothetical carbon tax in Canada and its determinants.,10,10,"Biospheric (+) [carbon_tax; role=substantive_mechanism; main=yes_main_result] ; Climate change concern (+) [carbon_tax; role=substantive_mechanism; main=yes_main_result] ; Government (+) [carbon_tax; role=substantive_mechanism; main=yes_main_result] ; Fossil fuel industry (-) [carbon_tax; role=substantive_mechanism; main=yes_main_result] ; Scientists (+) [carbon_tax; role=substantive_mechanism; main=yes_main_result] ; Rural (reference ‘urban’) (-) [carbon_tax; role=substantive_mechanism; main=yes_main_result] ; Commute mode 'other (public transit, bike, carpool)' (reference 'drive myself') (+) [carbon_tax; role=substantive_mechanism; main=yes_main_result] ; Gender 'female' (reference 'male') (+) [carbon_tax; role=demographic_control; main=yes_main_result] ; Alberta (reference ‘Ontario’) (+) [carbon_tax; role=country_context; main=yes_main_result] ; Manitoba/Saskatchewan (reference ‘Ontario’) (+) [carbon_tax; role=country_context; main=yes_main_result]"
savin_-_opinions_of_eu_citizens_about_climate_policy_in_their_own_words,Opinions of EU citizens about climate policy in their own words,Ivan Savin; Jeroen van den Bergh,,,,,empirical_survey,13 EU countries,"Open-ended responses from 1,266 validated respondents in Austria, Czechia, Denmark, France, Germany, Greece, Hungary, Italy, the Netherlands, Poland, Slovenia, Spain, and Sweden.",carbon_tax,carbon taxation; carbon tax,"The paper analyzes open-ended survey answers about preferred climate policy measures and identifies a distinct carbon taxation topic, then relates that topic to respondent characteristics.",2,2,Gender (female) (-) [carbon_tax; role=demographic_control; main=yes_main_result] ; Perceived knowledge of climate policy (-) [carbon_tax; role=socioeconomic_control; main=yes_main_result]
thalmann_-_2004_-_the_public_acceptance_of_green_taxes_2_million_voters_express_their_opin,The public acceptance of green taxes: 2 million voters express their opinion,Philippe Thalmann,,2004.0,,Public Choice,referendum_or_voting_analysis,Switzerland,"990-respondent post-referendum VOX survey of the 24 Sept 2000 Swiss federal vote; 2,016,973 actual voters on the energy-tax proposals",energy_tax_explicitly_carbon_or_fuel_based; carbon_tax_with_revenue_recycling,new tax on non-renewable energy; taxes on fossil energy; green tax reform; energy conservation package; solar initiative,"Direct referendum evidence on public support for Swiss taxes on non-renewable/fossil energy, including a green tax reform that recycled revenues through lower social security contributions.",11,11,"Political affinity (1 = left/green parties, 0 = center/conservative) (+) [energy_tax_explicitly_carbon_or_fuel_based; role=substantive_mechanism; main=yes_main_result] ; Education (1 = high school+, 0 = regular schooling) (+) [energy_tax_explicitly_carbon_or_fuel_based; role=substantive_mechanism; main=yes_main_result] ; Elderly (1 = 60+ yrs, 0 = 18–59) (-) [energy_tax_explicitly_carbon_or_fuel_based; role=substantive_mechanism; main=yes_main_result] ; Number of cars in household (-) [energy_tax_explicitly_carbon_or_fuel_based; role=substantive_mechanism; main=yes_main_result] ; Municipality size (1 = 50K+ inh., 0 = less than 50K) (+) [energy_tax_explicitly_carbon_or_fuel_based; role=substantive_mechanism; main=yes_main_result] ; Language (1 = French, 0 = German or Italian) (+) [energy_tax_explicitly_carbon_or_fuel_based; role=substantive_mechanism; main=yes_secondary_result] ; Priority government intervention vs. competition (1 = competition, 0 = regulation) (+) [energy_tax_explicitly_carbon_or_fuel_based; role=substantive_mechanism; main=yes_main_result] ; Concern with income inequality (1 = at least some, 0 = no or little concern) (-) [energy_tax_explicitly_carbon_or_fuel_based; role=substantive_mechanism; main=yes_main_result] ; Concern with unemployment (1 = at least some, 0 = no or little concern) (-) [carbon_tax_with_revenue_recycling; role=substantive_mechanism; main=yes_secondary_result] ; Higher tax rate / much higher tax rate of the green tax reform (-) [energy_tax_explicitly_carbon_or_fuel_based; role=policy_design_feature; main=yes_secondary_result] ; Mode of revenue recycling / subsidies for renewable energy and energy conservation (mixed) [carbon_tax_with_revenue_recycling; role=revenue_or_recycling_design; main=yes_secondary_result]"
wires_climate_change_-_2018_-_carattini_-_overcoming_public_resistance_to_carbon_taxes,Overcoming public resistance to carbon taxes,Stefano Carattini; Maria Carvalho; Sam Fankhauser,10.1002/wcc.531,2018.0,,WIREs Climate Change,narrative_review,"International; evidence from Europe, North America, Australia, and Switzerland.","Narrative review of surveys, discrete-choice experiments, focus groups, referenda, field observations, and lab experiments on carbon, fuel, gasoline, and related energy taxes.",carbon_tax; fuel_tax; gasoline_tax; energy_tax_explicitly_carbon_or_fuel_based; carbon_tax_with_revenue_recycling; other_direct_carbon_or_fuel_tax,carbon taxes; fuel taxes; gasoline tax; energy taxes; carbon tax revenues; carbon pricing; carbon fee and dividend,"Reviews direct evidence on public support, opposition, and willingness to pay for carbon and fuel taxes, with emphasis on tax rates, revenue recycling, earmarking, fairness, trust, and communication.",18,18,tax rate / level (-) [energy_tax_explicitly_carbon_or_fuel_based; role=policy_design_feature; main=yes_main_result] ; direct personal cost (-) [energy_tax_explicitly_carbon_or_fuel_based; role=substantive_mechanism; main=yes_main_result] ; trial periods (+) [other_direct_carbon_or_fuel_tax; role=substantive_mechanism; main=yes_main_result] ; earmarking proceeds (+) [carbon_tax_with_revenue_recycling; role=revenue_or_recycling_design; main=yes_main_result] ; lump-sum transfers (+) [carbon_tax_with_revenue_recycling; role=revenue_or_recycling_design; main=yes_main_result] ; progressive tax rate (+) [energy_tax_explicitly_carbon_or_fuel_based; role=policy_design_feature; main=yes_main_result] ; reducing income taxes (-) [carbon_tax_with_revenue_recycling; role=revenue_or_recycling_design; main=yes_main_result] ; trust in politicians (+) [energy_tax_explicitly_carbon_or_fuel_based; role=substantive_mechanism; main=yes_main_result] ; effectiveness to reduce emissions (+) [energy_tax_explicitly_carbon_or_fuel_based; role=substantive_mechanism; main=yes_main_result] ; information devices / budgetary information (+) [carbon_tax_with_revenue_recycling; role=substantive_mechanism; main=yes_main_result] ; low climate change concern (+) [energy_tax_explicitly_carbon_or_fuel_based; role=substantive_mechanism; main=yes_main_result] ; leftist or green affinities (mixed) [energy_tax_explicitly_carbon_or_fuel_based; role=political_control; main=yes_secondary_result] ; higher education levels (+) [energy_tax_explicitly_carbon_or_fuel_based; role=demographic_control; main=yes_secondary_result] ; lived in cities (+) [energy_tax_explicitly_carbon_or_fuel_based; role=country_context; main=yes_secondary_result] ; did not own cars (-) [fuel_tax; role=demographic_control; main=yes_secondary_result] ; younger than 60 years old (+) [energy_tax_explicitly_carbon_or_fuel_based; role=demographic_control; main=yes_secondary_result] ; wealthier (+) [carbon_tax; role=socioeconomic_control; main=yes_secondary_result] ; loss of competitiveness and jobs (-) [energy_tax_explicitly_carbon_or_fuel_based; role=substantive_mechanism; main=yes_main_result]
zhang_et_al_-_understanding_public_acceptability_of_climate_policies_in_europe,Understanding Public Acceptability of Climate Policies in Europe,Shouyu Zhang; Susana Ferreira; Berna Karali,,,,SSRN preprint,empirical_survey,19 European countries,"24,402 ESS8 respondents nested in 254 regions",carbon_tax,carbon taxation; increasing taxes on fossil fuels,"Analyzes support for increasing taxes on fossil fuels such as oil, gas, and coal to reduce climate change, used as the paper's carbon-tax acceptability measure.",14,14,Climate change concern (index) (+) [carbon_tax; role=substantive_mechanism; main=yes_main_result] ; Political trust (index) (+) [carbon_tax; role=substantive_mechanism; main=yes_main_result] ; Egalitarian attitudes (index) (+) [carbon_tax; role=substantive_mechanism; main=yes_main_result] ; Education level (+) [carbon_tax; role=socioeconomic_control; main=yes_main_result] ; Female (+) [carbon_tax; role=demographic_control; main=yes_main_result] ; Age (-) [carbon_tax; role=demographic_control; main=yes_main_result] ; Left-and-right preference (-) [carbon_tax; role=political_control; main=yes_main_result] ; Income (+) [carbon_tax; role=socioeconomic_control; main=yes_main_result] ; Perceived unemployment (-) [carbon_tax; role=substantive_mechanism; main=yes_main_result] ; Rural (-) [carbon_tax; role=substantive_mechanism; main=yes_main_result] ; PM2.5 annual mean level (2014-2015) (n.a.) [carbon_tax; role=substantive_mechanism; main=yes_main_result] ; GDP per capita (2015) (+) [carbon_tax; role=substantive_mechanism; main=yes_main_result] ; Unemployment rate (2015) (n.a.) [carbon_tax; role=country_context; main=yes_main_result] ; National electricity price (log) (n.a.) [carbon_tax; role=country_context; main=yes_main_result]
